0,1,2,3,4,5,6,7,8,9,10,11,12,13,14,15,16,17
0.05244631,0.057110924,0.05597652,0.055183355,0.054506317,0.05665663,0.05748103,0.056152787,0.05596274,0.056694664,0.05608691,0.05376685,0.05783004,0.0550112,0.054778464,0.05422811,0.056808066,0.053319078
0.052405074,0.056886286,0.055903524,0.05520893,0.055089813,0.056590598,0.05759638,0.05617779,0.05605989,0.056860436,0.05620197,0.053566687,0.057522636,0.054710634,0.054702383,0.054155443,0.05650758,0.053854015
0.052839465,0.057215508,0.055251256,0.055238143,0.054728195,0.05677657,0.057656664,0.05630374,0.055699375,0.05709368,0.05588108,0.05381517,0.05739735,0.05420963,0.05478818,0.054397505,0.057098992,0.05360953
0.05288677,0.056385003,0.055672485,0.055572733,0.055491287,0.056415755,0.05773892,0.056220245,0.0554258,0.05696495,0.056215085,0.054200936,0.057196382,0.05413212,0.05433272,0.053988446,0.056391776,0.054768488
0.053623147,0.05683183,0.054760985,0.055135764,0.05512154,0.05570991,0.05788437,0.055857982,0.056134425,0.057085767,0.055608448,0.05476379,0.0571046,0.05467033,0.054985277,0.05405023,0.05721762,0.053454094
0.053214762,0.057505056,0.05513046,0.054989018,0.055229224,0.056415617,0.057271946,0.056762855,0.055937234,0.05656836,0.05641739,0.053914994,0.056673467,0.05448636,0.054730542,0.05421599,0.056566324,0.053970315
0.053268604,0.056697246,0.054604217,0.055285633,0.055635527,0.056357924,0.057996824,0.056456674,0.055256832,0.05676797,0.055493023,0.05483609,0.057237994,0.054454636,0.055211827,0.054345746,0.0567392,0.053354077
0.05274143,0.05703323,0.05513561,0.055777043,0.056005232,0.056670547,0.05766825,0.056233004,0.055827368,0.05613811,0.056510184,0.054197546,0.056000274,0.054353703,0.055249143,0.05443675,0.056865964,0.053156577
0.052945808,0.056792412,0.05587807,0.05502855,0.056305006,0.057199974,0.058428526,0.054521568,0.05505173,0.05656653,0.05670961,0.055655565,0.055797406,0.054808598,0.053362057,0.055056408,0.05586299,0.054029156
0.05322845,0.057562936,0.05546638,0.056284077,0.055706613,0.057135385,0.057358038,0.055769786,0.055427194,0.056602627,0.056204677,0.054386742,0.056120817,0.055353884,0.053751793,0.053776395,0.055619296,0.054244973
0.05353343,0.056807585,0.055487346,0.05657971,0.055023987,0.057257548,0.056841493,0.056190237,0.055292297,0.055957787,0.05653891,0.053817526,0.056414146,0.05515589,0.05309143,0.05563484,0.05686818,0.053507693
0.05258287,0.056922834,0.05544177,0.055192135,0.054884296,0.057046298,0.058120307,0.05579294,0.055305243,0.05589654,0.056314733,0.0548635,0.054426875,0.056223013,0.054897,0.054934684,0.05583148,0.055323478
0.053283177,0.056300085,0.053805847,0.05679657,0.05605219,0.056444183,0.05913346,0.055701107,0.055360526,0.057021435,0.053585548,0.055131864,0.05591767,0.056458507,0.054782167,0.054679867,0.05708308,0.052462805
0.053098224,0.056206938,0.055041637,0.054240003,0.057357494,0.055526428,0.05668144,0.05572494,0.05514167,0.05600707,0.054949224,0.056143835,0.056355905,0.054198924,0.055285454,0.054678213,0.05652058,0.05684209
0.05256697,0.055953227,0.055943105,0.054923102,0.056369342,0.057178125,0.057749238,0.054928172,0.054563127,0.056928277,0.056806117,0.05508994,0.055576265,0.05719586,0.053367212,0.05434847,0.055702012,0.05481149
0.052665517,0.055695057,0.05643021,0.055416044,0.054678317,0.05503748,0.05743788,0.056517825,0.055157382,0.05730213,0.054973725,0.055616107,0.056527343,0.0570106,0.05362819,0.05408543,0.055983372,0.055837464
0.054085813,0.05675767,0.054293014,0.056163542,0.053123433,0.05715672,0.056920704,0.05722798,0.052910805,0.057401527,0.058516517,0.055549543,0.055134512,0.053868774,0.053824976,0.055610627,0.055485014,0.055968795
0.054159254,0.056851212,0.05710446,0.055109065,0.055616185,0.05640969,0.058135428,0.056263495,0.05526019,0.055921357,0.053922787,0.055874176,0.055770118,0.056410957,0.054083448,0.054204665,0.054046392,0.05485707
0.05395517,0.05678955,0.05459685,0.055474497,0.05676948,0.055494204,0.059133317,0.055454087,0.0525191,0.055772062,0.055615865,0.05727665,0.05659868,0.055342857,0.05321941,0.056840383,0.05513529,0.05401259
0.053667054,0.05758215,0.057128057,0.05418731,0.055075947,0.054266732,0.058351934,0.056136314,0.052883513,0.056237362,0.053338904,0.05862081,0.058353357,0.055825025,0.05437479,0.05378942,0.055513494,0.05466778
0.052175213,0.055016,0.057028584,0.05372013,0.05808369,0.056003146,0.05547491,0.05551241,0.055892617,0.056090478,0.056701254,0.057527367,0.054547016,0.055794034,0.05653884,0.05352176,0.05411868,0.05625388
0.053253736,0.055162556,0.053910363,0.0551622,0.058893308,0.055577748,0.057843905,0.05552058,0.052805934,0.055566814,0.055258997,0.05642239,0.055345602,0.05520202,0.056660496,0.055827506,0.05656913,0.05501677
0.05330215,0.055133358,0.05486496,0.056191046,0.053587448,0.058375143,0.05651882,0.05619809,0.055554274,0.05691346,0.05644876,0.056689493,0.05648144,0.055644844,0.055054158,0.054358806,0.05478889,0.053894825
0.0547513,0.05552927,0.05544971,0.058503628,0.054856513,0.055089753,0.056846436,0.057261713,0.054249752,0.053929213,0.05491695,0.055148736,0.056839533,0.054997504,0.055351965,0.05572864,0.054863077,0.05568635
0.05379327,0.058816385,0.055575006,0.058102343,0.056287013,0.057312068,0.05842411,0.055188194,0.055177577,0.05587841,0.053780206,0.057972994,0.052967425,0.0576183,0.053482182,0.05329359,0.054414403,0.05191636
0.055048797,0.056801103,0.053639267,0.056090817,0.055444647,0.05625716,0.059578463,0.05322382,0.051732976,0.05489639,0.056035794,0.056227285,0.057261083,0.05607806,0.055039495,0.05436484,0.057220254,0.055059753
0.05246525,0.05552045,0.05482251,0.05483429,0.05669747,0.055840805,0.057040323,0.05638052,0.05439243,0.057819463,0.05453771,0.055141028,0.054652266,0.05671209,0.055406116,0.057499714,0.056580413,0.053657237
0.053798575,0.058943458,0.053075545,0.057337157,0.05881024,0.057298567,0.05893384,0.052414145,0.052415922,0.05583809,0.054829735,0.059332777,0.05053673,0.057154115,0.049943935,0.05769322,0.055592,0.05605198
0.05382492,0.058786485,0.0562893,0.056679122,0.05384052,0.056114275,0.054091316,0.054923613,0.05415218,0.05690803,0.0592015,0.056350894,0.05390908,0.056129295,0.055200793,0.052453384,0.05482339,0.056321852
0.054125912,0.055802923,0.05566647,0.05508915,0.055749524,0.05731986,0.057685334,0.05421501,0.05201173,0.057676174,0.057771225,0.05640685,0.057690594,0.055711392,0.05121687,0.05239546,0.057434306,0.05603123
0.05599443,0.057385877,0.05535832,0.05583818,0.055803146,0.05512549,0.05789287,0.055892903,0.053611945,0.055636704,0.054690044,0.05572077,0.05630945,0.05551269,0.054965902,0.056422047,0.056339625,0.051499605
0.052513864,0.05424402,0.06008641,0.055600025,0.05651402,0.05361533,0.055242024,0.055796318,0.05282011,0.05795746,0.055430233,0.05616933,0.059158437,0.054368023,0.05418349,0.053530224,0.058731046,0.05403954
0.056387946,0.055136368,0.055320177,0.054435097,0.05604931,0.051872794,0.054183707,0.059465546,0.056932524,0.058703844,0.05566221,0.054735247,0.054965403,0.054404154,0.05639134,0.05733751,0.05602763,0.051989216
0.05554107,0.0588411,0.054045808,0.056159064,0.057286568,0.0582853,0.05625471,0.04939064,0.05537353,0.057062093,0.05646891,0.058923647,0.05635863,0.0570799,0.051696796,0.056449354,0.052178282,0.052604653
0.052922323,0.05358372,0.054916196,0.055658426,0.05848485,0.05577831,0.054629643,0.05555496,0.055164065,0.057827096,0.056543507,0.0570297,0.055329103,0.05649222,0.05389172,0.057893492,0.05411672,0.054183982
0.053165972,0.054593783,0.05506606,0.056383003,0.057138186,0.054853167,0.05710883,0.052801803,0.05307143,0.05597552,0.05450753,0.057045262,0.056542702,0.057699464,0.0556924,0.05511701,0.056383833,0.056854002
0.05747899,0.056299206,0.053097732,0.055330697,0.057608917,0.057809167,0.056940902,0.052490134,0.05174706,0.056443527,0.055310253,0.055309147,0.055989992,0.057813987,0.056306668,0.05407316,0.055263236,0.054687195
0.053829227,0.057904635,0.05502817,0.059707277,0.055275947,0.05657891,0.059382454,0.052646592,0.053268287,0.05755709,0.05614396,0.057390068,0.05644538,0.052508026,0.052993853,0.05347245,0.056751393,0.053116266
0.05662689,0.056580633,0.054620694,0.056178395,0.053431273,0.05706059,0.061066594,0.055623412,0.053136036,0.055679124,0.05637129,0.05496176,0.057024322,0.05734009,0.053347405,0.055381045,0.053245544,0.05232482
0.05618686,0.055816274,0.054509923,0.054718822,0.05424629,0.053817816,0.05842338,0.057249397,0.05134367,0.057300784,0.0567894,0.054872148,0.055328313,0.05788607,0.05417024,0.05476269,0.056120325,0.05645759
0.052779347,0.05776829,0.055267133,0.057535436,0.055700753,0.056419153,0.056376763,0.054718673,0.05441257,0.05559533,0.05831889,0.0570128,0.055160467,0.05720244,0.051252585,0.054058388,0.05612874,0.05429229
0.057581063,0.056122404,0.056340244,0.055536684,0.05650764,0.055357758,0.06006604,0.053647034,0.053890385,0.058833774,0.054138973,0.056376074,0.054803085,0.056279067,0.05301732,0.054192606,0.052622285,0.054687597
0.055381935,0.05473929,0.054690544,0.056393467,0.057535615,0.057379205,0.05438301,0.054323267,0.055033833,0.057052862,0.05384305,0.055401884,0.055390894,0.0578777,0.055055436,0.05468718,0.057097234,0.05373357
0.050147306,0.057207186,0.055336952,0.056304686,0.06155513,0.057245836,0.056455992,0.048374794,0.058573186,0.05673009,0.057709504,0.06071543,0.05084515,0.05396219,0.05406148,0.053545874,0.05708645,0.054142807
0.058603954,0.055204753,0.053823434,0.05808011,0.053424902,0.057160597,0.05635857,0.052630156,0.04985319,0.054088324,0.05410433,0.05617414,0.0591464,0.058761537,0.057094984,0.05744758,0.054481417,0.053561635
0.056227323,0.056601964,0.057727423,0.056750104,0.053488106,0.05670708,0.05619416,0.05452424,0.05491389,0.056607287,0.05660088,0.05673965,0.053280763,0.05672982,0.054691594,0.05469758,0.05435316,0.053164992
0.05618302,0.0527084,0.054951627,0.056014605,0.05539356,0.055190936,0.05277998,0.057472304,0.053546526,0.05952658,0.056855597,0.054390382,0.056171622,0.057673372,0.05723118,0.05480815,0.057763766,0.0513384
0.053206585,0.05726982,0.054788258,0.057641152,0.054739222,0.055139013,0.059306927,0.054489207,0.049578,0.05634192,0.057429403,0.05769257,0.05344928,0.05689718,0.052566413,0.055629726,0.057268802,0.056566566
0.055177044,0.054552633,0.051750742,0.054983173,0.05690218,0.055292986,0.058651395,0.05418528,0.047180723,0.057277076,0.05532312,0.060004834,0.05454184,0.057287667,0.057926048,0.057285625,0.056094456,0.055583134
0.053808704,0.0589019,0.056609314,0.05155157,0.054486528,0.053441465,0.057150416,0.058166754,0.053984802,0.052586388,0.057760864,0.058210567,0.056492146,0.05759324,0.055746682,0.052936126,0.056035932,0.05453651
0.056825034,0.0564478,0.057052743,0.05620761,0.059238266,0.05164623,0.05540459,0.057795815,0.054164875,0.056571625,0.054489363,0.054987364,0.052812047,0.051953636,0.05291721,0.057172496,0.053780567,0.06053275
0.05639288,0.056400843,0.056862105,0.055109434,0.05182311,0.054149978,0.055590365,0.056822453,0.051563326,0.05623491,0.05475607,0.057506483,0.05136871,0.061563212,0.05699983,0.056663487,0.05455265,0.05564015
0.057714414,0.05359642,0.054796226,0.049603302,0.059835102,0.055381417,0.06417892,0.052724693,0.05188382,0.054099165,0.055041287,0.057584498,0.060419958,0.054590505,0.05822959,0.0538513,0.05388206,0.05258734
0.054939013,0.058110334,0.052324645,0.054026373,0.057942867,0.055478007,0.05681894,0.05592555,0.050577186,0.055726882,0.056482174,0.06207695,0.0512091,0.056263294,0.05715277,0.05431991,0.051298227,0.0593278
0.05787017,0.055840485,0.051504217,0.05626976,0.05954773,0.05609611,0.060697164,0.050465457,0.051853336,0.057327688,0.0521826,0.05702339,0.053888146,0.056231286,0.0593871,0.055172216,0.057018526,0.051624544
0.052879207,0.05538165,0.054948248,0.054532185,0.058549307,0.05752499,0.051423326,0.054094486,0.054242346,0.059396923,0.05987991,0.058609746,0.049449522,0.062023122,0.050992135,0.055843115,0.054564077,0.055665586
0.059201725,0.05838528,0.05334853,0.055933498,0.058442667,0.05402648,0.05726432,0.053520497,0.057018664,0.057044115,0.055388507,0.056622863,0.052571185,0.05621555,0.052688915,0.05554237,0.05130947,0.055475477
0.05280769,0.05665462,0.053478856,0.05630625,0.05725604,0.05619797,0.05932077,0.0585878,0.05373439,0.05832503,0.052987207,0.058200534,0.052273717,0.055235494,0.055875685,0.055577315,0.05429452,0.052885983
0.053263947,0.05332536,0.053845413,0.058796063,0.058263004,0.05981813,0.0559036,0.05063376,0.053370956,0.056310557,0.057209034,0.056625627,0.05465774,0.057141017,0.053338446,0.05678854,0.054570593,0.0561382
0.057188094,0.05425044,0.053758316,0.054288246,0.058401976,0.050263595,0.056506146,0.056400314,0.054513622,0.059960447,0.05483234,0.058795232,0.053253725,0.059838377,0.049798075,0.058375325,0.05468083,0.054894947
0.059066486,0.054236922,0.057089023,0.056955952,0.05715174,0.053022027,0.056778207,0.050430164,0.054797325,0.05483115,0.05264288,0.06002115,0.051978514,0.055261374,0.05664995,0.057965565,0.054137103,0.056984436
0.053698294,0.06118249,0.05219649,0.05560493,0.056695595,0.0578006,0.057962578,0.05456511,0.05306347,0.0529866,0.05668757,0.059653338,0.05294348,0.058270697,0.05332133,0.053474706,0.054797642,0.055095065
0.058976334,0.055502724,0.048815772,0.056239445,0.059531007,0.057310473,0.0563974,0.05199851,0.052484155,0.055983115,0.056322426,0.057003587,0.054748274,0.055630583,0.05726203,0.05631416,0.053266857,0.056213208
0.054067384,0.056898706,0.05160339,0.054353416,0.05118428,0.059812393,0.05461641,0.055059053,0.05299516,0.056720305,0.057781003,0.05485927,0.058358774,0.057431716,0.052659314,0.056193065,0.059827015,0.055579398
0.056701135,0.056331154,0.05224706,0.057441786,0.05636632,0.05332072,0.0586092,0.049629197,0.055396304,0.055864614,0.056249354,0.05829919,0.056609664,0.057804953,0.057460852,0.053232353,0.0550818,0.05335433
0.051256385,0.05466828,0.055807844,0.05832673,0.057773698,0.051127277,0.055389315,0.05093541,0.059911422,0.05650325,0.05621547,0.059618883,0.052803904,0.059728663,0.05188428,0.05930337,0.05629105,0.052454837
0.055954333,0.050476644,0.059848927,0.05737774,0.06131542,0.050195046,0.05863914,0.05593476,0.052559473,0.055884346,0.0536078,0.060175158,0.052438214,0.0604881,0.051861946,0.056187596,0.049271967,0.057783335
0.056613285,0.05246769,0.0597656,0.055581335,0.055808343,0.05479148,0.057427537,0.05371569,0.05541227,0.058805794,0.054587193,0.058161426,0.05191018,0.059377655,0.050204284,0.055345476,0.055733006,0.054291695
0.05758289,0.055245847,0.053342108,0.05462721,0.05476446,0.051234744,0.05533076,0.057264846,0.04849585,0.056463223,0.059413124,0.0625318,0.057656452,0.05632319,0.053658437,0.054133568,0.052321725,0.059609737
0.05846237,0.05354187,0.05311499,0.05931445,0.059458017,0.055167135,0.06061223,0.049060944,0.055429008,0.05659879,0.050899457,0.057834335,0.054307308,0.063141465,0.052688103,0.05348891,0.049802158,0.05707851
0.059331823,0.055885088,0.05602589,0.054522093,0.05649142,0.056635328,0.056335974,0.05290324,0.05328495,0.06146032,0.05547695,0.056380723,0.05493367,0.06158498,0.050540257,0.052836154,0.052025594,0.053345524
0.05434543,0.05431457,0.062401444,0.0581237,0.06085957,0.048526734,0.05710725,0.051776547,0.056100946,0.05918549,0.053569015,0.059894223,0.047725786,0.05971293,0.054124035,0.060590737,0.05053029,0.05111139
0.054445572,0.051457267,0.05566546,0.052944154,0.058753155,0.051897883,0.059964076,0.05350791,0.052596044,0.05606141,0.05377083,0.05986095,0.052759286,0.062291436,0.057368934,0.053859763,0.05297867,0.059817288
0.057228304,0.056830287,0.054839194,0.052526362,0.060851082,0.052288573,0.05738852,0.0549754,0.053109232,0.05749418,0.053306397,0.061868154,0.055828758,0.05459847,0.05949452,0.052185383,0.051678274,0.053508934
0.0567457,0.05357855,0.055547766,0.052700292,0.058009498,0.056159582,0.05762984,0.056735817,0.05495958,0.05514377,0.05181554,0.06023961,0.05759258,0.05670713,0.05938693,0.055427693,0.049482886,0.05213723
0.05690147,0.054834954,0.054053012,0.056244943,0.0596523,0.057101797,0.058239736,0.04930261,0.059978154,0.054931376,0.0505263,0.060394097,0.052242815,0.0563989,0.05384761,0.053628907,0.054156695,0.05756437
0.05161574,0.053965963,0.059241306,0.058717474,0.059137255,0.05266382,0.053879164,0.05458895,0.05141797,0.057464615,0.052469358,0.058708366,0.054522924,0.059228837,0.06361078,0.05886724,0.054160733,0.04573946
0.057951536,0.05353614,0.058902342,0.054529797,0.057681017,0.05081836,0.05721785,0.05374297,0.052654624,0.056267146,0.051118888,0.056901377,0.05196482,0.06208298,0.054351382,0.05650704,0.05537773,0.05839394
0.054463346,0.053965922,0.05179196,0.06274529,0.062275518,0.053805728,0.053218745,0.053433742,0.057673436,0.054595493,0.052539513,0.05924235,0.048720412,0.058692925,0.052957013,0.05891226,0.056833282,0.054133024
0.05290643,0.05674797,0.056568924,0.055266764,0.058138903,0.049965385,0.05755242,0.05445174,0.05881189,0.057439,0.061064597,0.05518586,0.055547226,0.05736717,0.049198773,0.05642068,0.050692923,0.05667333
0.05477959,0.057208814,0.051665273,0.058359202,0.05581847,0.050895307,0.05940451,0.056317016,0.055262905,0.057130527,0.054264344,0.053186413,0.063257284,0.057771213,0.05044683,0.054982025,0.055093706,0.054156505
0.05367052,0.060444,0.05500216,0.06019659,0.05804165,0.06041876,0.060296174,0.04989144,0.054717828,0.054605745,0.05929991,0.05985529,0.05064978,0.059477087,0.046443205,0.05679586,0.047964033,0.052230015
0.054903597,0.054387983,0.056030024,0.051570535,0.051885184,0.052343823,0.058355637,0.0573245,0.049949456,0.05294763,0.05360685,0.064695634,0.05371469,0.06157002,0.06057668,0.0536634,0.05592304,0.056551315
0.05179295,0.052334704,0.055759914,0.056674358,0.062048644,0.05366633,0.05230532,0.051550254,0.05722509,0.058815885,0.057187486,0.057422742,0.052637193,0.05459882,0.05660653,0.058609225,0.054128926,0.05663562
0.052289166,0.052300546,0.054730177,0.054764654,0.058835376,0.062476296,0.06156204,0.04891874,0.05277756,0.05730389,0.050168477,0.061043322,0.0540687,0.05955706,0.056569617,0.05535573,0.055106122,0.052172516
0.058466602,0.058695283,0.05605645,0.0531942,0.05688974,0.054581232,0.05912475,0.04786357,0.057599593,0.056119636,0.05384287,0.06160319,0.05264763,0.058271103,0.05287461,0.05349114,0.053506818,0.055171587
0.050249483,0.054285344,0.05165847,0.056344032,0.06039979,0.058591433,0.05522384,0.04917966,0.05216773,0.054991167,0.055979114,0.0621788,0.05594084,0.06483779,0.053989206,0.057775624,0.053138845,0.053068902
0.056246128,0.059314664,0.053837392,0.05236492,0.059676785,0.058473427,0.060639482,0.052367218,0.052109834,0.055274136,0.055427965,0.058723643,0.050831698,0.057577934,0.056466058,0.057255287,0.05025789,0.05315558
0.053779043,0.05601557,0.053577237,0.052575216,0.05747774,0.057280015,0.05860625,0.053777833,0.05249816,0.055718575,0.053896748,0.05786829,0.056205135,0.062911764,0.05399197,0.0560106,0.049640328,0.058169518
0.05539443,0.05519137,0.053696647,0.054340236,0.059621606,0.055203516,0.058273397,0.053779878,0.051561896,0.0550823,0.05648873,0.0583247,0.054604836,0.057316497,0.056979652,0.05602337,0.052216794,0.055900168
0.053923327,0.056469508,0.058591776,0.057691757,0.063135125,0.053962965,0.05834986,0.052350122,0.053836457,0.054800678,0.048330065,0.061517764,0.050774816,0.061280835,0.0536306,0.055807445,0.055295147,0.050251726
0.054293375,0.05724455,0.05568179,0.05498234,0.05613906,0.05463992,0.05840351,0.051255807,0.05135528,0.054218054,0.05429071,0.060051143,0.05203297,0.06220819,0.054918755,0.05478002,0.055404466,0.058100108
0.058426116,0.05863133,0.05138328,0.056782078,0.058722023,0.057272084,0.056658242,0.05189859,0.05501713,0.054370046,0.053285457,0.05759291,0.05182239,0.05707392,0.057033226,0.057480782,0.054828066,0.051722426
0.051483594,0.055941444,0.057369564,0.056284066,0.06149989,0.05521707,0.056433935,0.04816988,0.053923044,0.05652371,0.058107786,0.06254664,0.052562907,0.055752993,0.053200267,0.05436256,0.05256093,0.05805971
0.053025395,0.056480754,0.05528021,0.055514194,0.05607053,0.056350343,0.055316575,0.05478158,0.053803466,0.057131365,0.055663984,0.061642773,0.052554972,0.05382864,0.05425669,0.055782147,0.055960666,0.056555796
0.05553048,0.05487205,0.05657045,0.059800774,0.059109144,0.057491824,0.0536825,0.05005991,0.0560544,0.060939785,0.058356814,0.054842293,0.055633467,0.055638514,0.048626855,0.0582652,0.0549704,0.04955511
0.05332525,0.054744545,0.05299786,0.055770084,0.057302527,0.05798144,0.057723798,0.055991873,0.05367899,0.05747581,0.055862717,0.05895521,0.05434714,0.057471707,0.057172444,0.051297616,0.05405814,0.05384286
0.052576583,0.05390538,0.055239078,0.058325406,0.05903182,0.05657954,0.05742731,0.053740416,0.05582334,0.058136374,0.0543627,0.05536396,0.056800403,0.055615894,0.055468272,0.053221703,0.05585582,0.052525938
0.056091722,0.058772743,0.052406684,0.055792026,0.05487778,0.05365927,0.057150163,0.054950573,0.054877058,0.05540652,0.055405803,0.058418963,0.055081654,0.054158527,0.05435188,0.053952567,0.056881152,0.05776492
0.050403725,0.055167425,0.056176297,0.055276625,0.054740027,0.054892603,0.0564495,0.053104494,0.05693455,0.056855675,0.054618545,0.059666388,0.05391012,0.056893844,0.055347215,0.05699043,0.056501497,0.056071002
0.053681377,0.05434102,0.055189632,0.05584186,0.0558498,0.056460995,0.05440121,0.056967825,0.051642485,0.05609572,0.056092884,0.0588614,0.056455348,0.055362225,0.059686225,0.05498557,0.056123875,0.05196057
0.056077104,0.056153834,0.052271347,0.057452463,0.057333045,0.057194576,0.054306462,0.056425393,0.055304095,0.05559097,0.055571605,0.05286094,0.056223247,0.05754348,0.051860675,0.05782691,0.05390344,0.056100365
0.054086484,0.054870028,0.054545276,0.058250155,0.059551224,0.05745386,0.059365973,0.05165578,0.054517817,0.056058656,0.052238777,0.059206516,0.053129785,0.05668711,0.055204194,0.05368678,0.057513185,0.051978372
0.055418313,0.058437888,0.055811975,0.05675507,0.053999845,0.057455514,0.057343666,0.05357321,0.05324219,0.057062067,0.05640272,0.05613478,0.053390652,0.058528066,0.053874508,0.055338293,0.054357752,0.052873503
0.05316573,0.057595316,0.05744274,0.05767798,0.05745045,0.057639327,0.06079458,0.052022986,0.05258986,0.05497409,0.054286525,0.062476136,0.05209054,0.060229745,0.05309022,0.051210232,0.051381372,0.05388216
0.054880302,0.058542836,0.052321885,0.05982714,0.058193777,0.055855278,0.057047457,0.050966773,0.052924603,0.055120975,0.058793314,0.055638302,0.057302404,0.057581678,0.054225482,0.055701617,0.05497383,0.050102443
0.05769472,0.055633664,0.049666207,0.055301752,0.05514208,0.05632107,0.057770878,0.053631984,0.050937057,0.055248175,0.058703367,0.060078513,0.055049688,0.052308183,0.058828413,0.053106774,0.054534677,0.060042836
0.05244606,0.055682413,0.05611392,0.05854945,0.056287635,0.057516903,0.05770614,0.0539771,0.05585779,0.05694799,0.055216916,0.057275746,0.054633584,0.057375357,0.053166248,0.05388713,0.055254683,0.05210483
0.05516506,0.05982307,0.050110284,0.05451377,0.058453724,0.057484437,0.056800947,0.050474923,0.050066754,0.05708017,0.055005576,0.06209065,0.052699015,0.06207502,0.05280257,0.053591397,0.05422174,0.05754081
0.055993866,0.056958977,0.05216068,0.05799859,0.05660174,0.05692808,0.055497807,0.055298436,0.05453414,0.058528237,0.055949047,0.058733024,0.05344387,0.055083297,0.051129926,0.056129888,0.054493688,0.05453663
0.05557601,0.0530801,0.057494126,0.057032388,0.05761732,0.054627646,0.060220726,0.053708553,0.052631963,0.0590307,0.054991987,0.057745803,0.05246188,0.05830691,0.052938256,0.053537946,0.053801183,0.055196617
0.052016865,0.055855174,0.056712713,0.056887295,0.0551537,0.05537548,0.05720857,0.05472634,0.05289924,0.055177316,0.055870768,0.058911454,0.05500592,0.057529535,0.05471929,0.05428414,0.05483673,0.056829453
0.05514497,0.054592628,0.060413565,0.055746205,0.055441007,0.054958325,0.055179346,0.057340182,0.052957047,0.056174856,0.05744516,0.059252843,0.053248126,0.058211826,0.05456232,0.051626414,0.054532617,0.05317245
0.05411769,0.057902347,0.056861337,0.055632386,0.057653,0.054228052,0.056142684,0.055243123,0.053794008,0.055108223,0.05504114,0.055985477,0.056378085,0.053686265,0.054791052,0.05588964,0.05440061,0.05714491
0.055114202,0.059109297,0.052988183,0.05110943,0.057224054,0.05406949,0.054224644,0.055352665,0.054598644,0.054812983,0.060169045,0.058975328,0.05351072,0.060875304,0.050951827,0.056998346,0.054629944,0.05528597
0.053216863,0.054956794,0.05721156,0.058160406,0.055204194,0.055998594,0.055159364,0.05297583,0.052110035,0.057800394,0.057164297,0.05940597,0.054121558,0.0591618,0.053180937,0.058022756,0.052276168,0.053872418
0.051949948,0.053716622,0.056508854,0.05415887,0.057234835,0.055947214,0.055107616,0.055066057,0.055215355,0.059478868,0.055659417,0.058044296,0.05800393,0.053691883,0.055595823,0.053509843,0.05641195,0.054698598
0.056655027,0.054998375,0.05259651,0.057188842,0.055485774,0.052701462,0.057186212,0.055300325,0.051812444,0.05683654,0.056404818,0.058672298,0.053916875,0.05627616,0.053190768,0.055930838,0.05610237,0.058744296
0.052195102,0.05352655,0.055208236,0.0540991,0.057876267,0.05487667,0.05632005,0.05506624,0.051880047,0.05722751,0.054994185,0.054942265,0.05665214,0.058269076,0.056558847,0.054591075,0.058475204,0.057241455
0.054373786,0.053279452,0.055635884,0.056717515,0.05517506,0.057856523,0.05579153,0.053534053,0.05470622,0.05791841,0.055969268,0.05618665,0.056045305,0.05625532,0.053032972,0.058382623,0.0532408,0.055898618
0.051731806,0.054646898,0.056193393,0.053997763,0.060771566,0.055016715,0.059429076,0.05318076,0.055403605,0.056922,0.0547386,0.057009306,0.052493468,0.06024407,0.05242613,0.05652656,0.053891957,0.055376384
0.055395905,0.055398762,0.055411093,0.056241244,0.05548291,0.054605946,0.05546844,0.053624604,0.055572197,0.05710366,0.053999152,0.057212304,0.054029882,0.060137212,0.054070696,0.05813172,0.053703487,0.05441082
0.05311683,0.054453738,0.05665609,0.05480122,0.05836347,0.052744526,0.057261597,0.054493774,0.053273886,0.05662466,0.056875687,0.059700355,0.053692307,0.058129556,0.054187063,0.056571938,0.055232856,0.053820476
0.05473961,0.055872902,0.05420558,0.05289558,0.05934821,0.052683916,0.05525735,0.051188406,0.051332053,0.05653689,0.05712156,0.061546613,0.05535873,0.05855453,0.05735868,0.05249322,0.05519313,0.058312982
0.05667277,0.0547611,0.052871685,0.0524498,0.057143684,0.054573257,0.058501307,0.053519186,0.052542683,0.057268992,0.055400554,0.057388082,0.057893403,0.055994444,0.055228088,0.054703508,0.05391381,0.059173606
0.0552024,0.054830592,0.05393768,0.057676565,0.058345936,0.056071818,0.054472882,0.05064689,0.05273023,0.058987852,0.056379307,0.059036028,0.05357018,0.05690621,0.054087814,0.055637892,0.056018244,0.05546149
0.05255028,0.05339115,0.05357314,0.058884755,0.057467822,0.05572464,0.056911416,0.051690552,0.053246077,0.05789739,0.057369225,0.056964464,0.05299918,0.058033027,0.055065166,0.054283183,0.056419544,0.057528958
0.054370537,0.057222642,0.055945296,0.055853423,0.05528725,0.053332858,0.057706002,0.053312663,0.054510884,0.05765376,0.057085935,0.05667171,0.05174686,0.06044126,0.050334405,0.061666325,0.05567657,0.05118162
0.05483708,0.058425132,0.054796763,0.05449844,0.055947445,0.055392463,0.057295475,0.05632865,0.056149,0.057647724,0.054993443,0.056365196,0.056274354,0.056781664,0.052282117,0.057139814,0.055566173,0.049279135
0.054046936,0.055521253,0.054422516,0.057601668,0.05942922,0.054962844,0.057406228,0.051857404,0.05399148,0.057108738,0.051788673,0.060090467,0.053936485,0.058232415,0.053855512,0.056978595,0.05514728,0.053622343
0.058087178,0.055969294,0.050786473,0.05542124,0.057168208,0.054261398,0.05611539,0.05415127,0.052498788,0.056788005,0.055411052,0.061003987,0.055528354,0.056340307,0.054205246,0.055792607,0.054303646,0.056167677
0.05350925,0.05521686,0.054415632,0.055264864,0.055709776,0.05558595,0.057463378,0.056353707,0.05442112,0.056251418,0.05527275,0.05837521,0.056035604,0.0549306,0.05491435,0.055178884,0.056104727,0.054995935
0.05549658,0.055372655,0.05271144,0.051735915,0.05720043,0.051888965,0.059698895,0.05293631,0.05132764,0.05784668,0.056569997,0.060544997,0.052130505,0.06017244,0.05483868,0.0579613,0.05616652,0.055400047
0.054219842,0.057359464,0.054846156,0.055601954,0.054987658,0.055696394,0.057730023,0.052132357,0.054149594,0.0571369,0.054391038,0.05788979,0.056174323,0.05376472,0.054465123,0.053990994,0.05835482,0.057108786
0.053838633,0.05230936,0.056068663,0.055640206,0.05589969,0.05689905,0.054780062,0.052527595,0.055170495,0.059722096,0.054698266,0.05659145,0.054746874,0.055857114,0.05395714,0.058354165,0.058467433,0.05447173
0.054763414,0.057545714,0.05486172,0.05498052,0.05581464,0.053364873,0.057656236,0.05623702,0.055600464,0.056980457,0.05354017,0.055369873,0.05541827,0.05645925,0.05425986,0.055060707,0.056461345,0.055625435
0.05799902,0.060191467,0.05612535,0.055628795,0.055866074,0.055027287,0.05689542,0.055564377,0.05576732,0.05599587,0.055911075,0.05622454,0.053543363,0.054708377,0.05308758,0.054405697,0.054304045,0.052754343
0.053238533,0.05570728,0.05807214,0.055781003,0.05717358,0.05499253,0.056916896,0.05468831,0.051521786,0.057873435,0.054121982,0.057028856,0.056927238,0.058763344,0.055116758,0.05293172,0.053393204,0.055751324
0.052485757,0.05814675,0.054725137,0.055620424,0.059447456,0.05662715,0.054921288,0.054154005,0.05527875,0.057353243,0.05699834,0.057995744,0.053966194,0.05674685,0.05171846,0.053710073,0.054860014,0.05524439
0.055684365,0.05525505,0.056190234,0.05814077,0.05404738,0.0554197,0.05648708,0.05352673,0.053796995,0.05669742,0.055820324,0.057773873,0.054116372,0.058795527,0.054432888,0.05385524,0.055983797,0.05397625
0.050975196,0.0551609,0.056451093,0.055698533,0.058454767,0.058627512,0.058157284,0.053807992,0.053600527,0.055924088,0.05544273,0.058517434,0.053044207,0.056762457,0.055111572,0.052142974,0.057526667,0.05459404
0.05222886,0.05895162,0.053805847,0.055036742,0.05904301,0.05582442,0.059892125,0.05585688,0.05286876,0.056102917,0.055038624,0.05541331,0.055512115,0.056903664,0.053247742,0.05423336,0.05519682,0.054843266
0.055466164,0.054374535,0.051401597,0.059629302,0.05418819,0.05851222,0.056116067,0.056557946,0.054221317,0.05788184,0.056266654,0.052107885,0.055799175,0.05621651,0.056161817,0.05850088,0.056584332,0.050013628
0.056561492,0.054451156,0.05516549,0.055765625,0.058893647,0.056458168,0.060655877,0.051892884,0.0499585,0.0582054,0.05149421,0.058756206,0.057482596,0.056291264,0.056897067,0.050987273,0.054666866,0.05541622
0.055950284,0.054517873,0.055527877,0.055763684,0.056856908,0.054227814,0.058926802,0.05708264,0.052293763,0.056719333,0.05153877,0.055399477,0.05313137,0.055585153,0.05699107,0.056495175,0.05628031,0.056711636
0.054614305,0.056029316,0.058846116,0.05744086,0.05726073,0.05364511,0.05510519,0.055771027,0.052469425,0.056518633,0.053435154,0.055715196,0.054078855,0.05583042,0.053117454,0.056376766,0.057789173,0.055956304
0.055084415,0.054719098,0.053197637,0.054351963,0.058794964,0.054864444,0.05527506,0.05397436,0.056124337,0.05590565,0.053946324,0.058493532,0.05538071,0.057475608,0.055074792,0.058250364,0.054928977,0.054157805
0.05627523,0.056958437,0.05379045,0.05498891,0.055683605,0.0534966,0.05517192,0.05365018,0.05296391,0.055065658,0.05681839,0.056791704,0.055799443,0.058235947,0.05569002,0.054028764,0.058458783,0.05613201
0.052385725,0.05711465,0.057646833,0.055931278,0.05745225,0.055839147,0.055877034,0.05436007,0.05459052,0.05641846,0.056614783,0.059289526,0.055009864,0.05557643,0.05603347,0.05277454,0.052410264,0.054675195
0.051677845,0.055563983,0.054604743,0.054926455,0.059259947,0.055434886,0.056402747,0.056388993,0.05592608,0.056435622,0.055349708,0.057056442,0.051311206,0.05657879,0.05668159,0.056380793,0.057865005,0.052155245
0.054602727,0.056358997,0.054278992,0.05422503,0.054516923,0.056351207,0.058058243,0.057875212,0.05346071,0.05653458,0.055790722,0.057323035,0.054785695,0.056052674,0.056839425,0.055422217,0.055334866,0.052188806
0.054383,0.057914432,0.057520602,0.054951962,0.052830122,0.055296365,0.054700874,0.059748393,0.05525029,0.055728685,0.058570668,0.058671564,0.05594547,0.057815272,0.04983725,0.0550059,0.051839925,0.05398907
0.05457465,0.055800874,0.05496987,0.056531508,0.059527963,0.05770475,0.057098825,0.057216417,0.05728749,0.057532705,0.053938057,0.05724427,0.052315474,0.055489127,0.050499596,0.058307156,0.054533247,0.049427982
0.05580117,0.058698416,0.05358575,0.052899007,0.058272004,0.053186122,0.05877756,0.05419995,0.056235317,0.056040667,0.053878147,0.058672838,0.053935677,0.0577359,0.05444542,0.05307596,0.052416425,0.058143687
0.056713436,0.05567927,0.055631876,0.05548513,0.054523867,0.055489898,0.056706075,0.053203166,0.05581923,0.059030216,0.05646619,0.054807022,0.055975188,0.05748516,0.053898662,0.054765746,0.053701166,0.054618713
0.057592172,0.053605165,0.05220652,0.05778112,0.05716026,0.053089548,0.05722102,0.055154912,0.051453426,0.058558073,0.053011395,0.057978097,0.05498766,0.052713636,0.057616033,0.055974092,0.055375613,0.058521293
0.055677418,0.055989575,0.055684425,0.054231416,0.056860927,0.055399317,0.057249762,0.054040074,0.051061004,0.05713846,0.05787084,0.05684183,0.05742202,0.057378076,0.05553939,0.053477254,0.05313376,0.05500447
0.050936244,0.055789948,0.05408905,0.054711938,0.056370523,0.05662575,0.055439603,0.055662572,0.054200005,0.054920312,0.05528946,0.05945109,0.052595824,0.058382936,0.054477993,0.055851713,0.05502331,0.06018172
0.05483682,0.05655622,0.055368345,0.056682844,0.056034382,0.05868228,0.05698707,0.055000477,0.056885753,0.054291885,0.05487726,0.057674058,0.05191082,0.055600513,0.056660924,0.054263256,0.055288866,0.05239818
0.054768335,0.053746443,0.05573677,0.056788437,0.058365073,0.05542631,0.056887213,0.05379989,0.051495355,0.05713578,0.054088257,0.05816437,0.056150787,0.056411907,0.056175623,0.052709255,0.054887526,0.057262626
0.057182614,0.053076528,0.05545164,0.054565582,0.055254977,0.053343993,0.056383796,0.05743383,0.051879965,0.05780341,0.057323784,0.057939187,0.05599219,0.053881455,0.055348594,0.056625143,0.056372326,0.05414105
0.048805226,0.055623222,0.056729965,0.059240177,0.060173072,0.05866816,0.05908207,0.052645534,0.055488177,0.058191773,0.05421569,0.056866817,0.052620273,0.05455291,0.05508951,0.05477948,0.056461878,0.05076604
0.0520578,0.055784218,0.055240445,0.054601416,0.057739545,0.05673709,0.05741875,0.05562103,0.053964365,0.05719169,0.055783093,0.056028962,0.055094022,0.05561198,0.053658787,0.054574866,0.054626763,0.058265217
0.055071197,0.05270503,0.05264614,0.055641733,0.055198163,0.054691497,0.05448042,0.05506228,0.053363618,0.058889177,0.058066893,0.056729335,0.055980664,0.05883508,0.054774728,0.054981615,0.056913577,0.05596895
0.053738132,0.05633092,0.05387266,0.05747894,0.057666756,0.05578794,0.059105642,0.052034125,0.05191777,0.05711004,0.054331258,0.05696562,0.056149337,0.05781227,0.052778043,0.056041937,0.057141714,0.053736906
0.053233568,0.05545998,0.055217188,0.057005666,0.05770738,0.055883277,0.058355182,0.0548078,0.053301174,0.056994505,0.054386195,0.0572139,0.054398607,0.056675006,0.052332833,0.053083275,0.057774294,0.056170188
0.054115504,0.057191063,0.055669665,0.05309996,0.056317758,0.053427704,0.055977784,0.056519747,0.05325641,0.05813273,0.05620421,0.05826554,0.053232823,0.058964863,0.056976385,0.05328383,0.054367837,0.054996245
0.052801996,0.059344806,0.054573532,0.055631477,0.05277782,0.0575954,0.05841767,0.055905636,0.056093577,0.055126287,0.056456164,0.054125,0.05767607,0.055395886,0.052413274,0.056452323,0.055138763,0.054074332
0.05153647,0.054356225,0.056012142,0.056190256,0.056034688,0.055432912,0.057623874,0.0548602,0.051536072,0.05844509,0.05733178,0.057398807,0.053471643,0.056929685,0.052696925,0.05604243,0.056669794,0.057431035
0.055621725,0.055192024,0.05624359,0.05481378,0.0554142,0.054977328,0.057717267,0.052452773,0.055491295,0.05709432,0.05550355,0.05748651,0.055332266,0.055380464,0.05511852,0.053097934,0.055116408,0.057946086
0.052630287,0.05387737,0.05564608,0.06033332,0.058330916,0.05475831,0.05707274,0.056145042,0.054640662,0.057657056,0.050740838,0.059043124,0.05783901,0.055613965,0.054127462,0.05229078,0.05477502,0.054478075
0.054766424,0.053236037,0.05757754,0.055167712,0.05620308,0.05332439,0.05889517,0.05562705,0.05369034,0.058999315,0.054514635,0.058854267,0.05595091,0.053124778,0.055475038,0.05072225,0.05837585,0.055495195
0.052749567,0.05698138,0.053146135,0.05688059,0.053293347,0.057111897,0.0592464,0.0542591,0.05436706,0.055844944,0.055661164,0.055342197,0.05456223,0.056012828,0.053717975,0.05722488,0.058787182,0.05481112
0.054649718,0.05240144,0.05393799,0.053461757,0.055406198,0.054850653,0.057241306,0.053039923,0.05009405,0.057058606,0.05784201,0.058301557,0.059549112,0.054561485,0.05753727,0.05463539,0.059935637,0.055495813
0.05376734,0.055932578,0.057004873,0.055046897,0.055564556,0.052775808,0.056534536,0.056331404,0.054345388,0.05855618,0.055864304,0.05659033,0.05473411,0.057756178,0.053458225,0.05414343,0.058317106,0.053276725
0.054681186,0.056852523,0.052094195,0.057169553,0.057656214,0.060603924,0.06003213,0.052296806,0.05368058,0.053519353,0.05819318,0.05617542,0.054671764,0.055360146,0.05312905,0.05398735,0.05395755,0.05593895
0.056492828,0.055336688,0.05266692,0.054274105,0.055586006,0.052232787,0.05874354,0.0559358,0.05455237,0.056020796,0.055660035,0.054906618,0.05566909,0.059385806,0.053416047,0.05714222,0.058538668,0.053439677
0.055211827,0.05415328,0.052537303,0.057316247,0.057927117,0.055604137,0.05673578,0.05213193,0.058057234,0.055673618,0.056177583,0.056555305,0.053131536,0.054998245,0.055865027,0.056681253,0.056831528,0.054411035
0.054248832,0.055209003,0.055502567,0.055325624,0.052522816,0.05686027,0.059504703,0.054014128,0.054392356,0.056503788,0.057601854,0.054692432,0.05663604,0.055890467,0.05431719,0.054951463,0.05664617,0.05518023
0.05639822,0.056169573,0.055945978,0.055607356,0.05370865,0.055825595,0.056991205,0.059065428,0.05153568,0.05457031,0.056407902,0.055338226,0.054047294,0.05739149,0.05286446,0.05766433,0.054002605,0.056465626
0.05660849,0.05437205,0.05738769,0.053914096,0.05591457,0.051975027,0.057148714,0.055342518,0.052912813,0.059164587,0.05640888,0.056422345,0.057227276,0.055618618,0.056329254,0.051722474,0.055079058,0.056451567
0.053215183,0.052739643,0.05540219,0.055389047,0.057403024,0.05882499,0.053999238,0.05614735,0.05608832,0.05804801,0.056501042,0.055233564,0.05628763,0.05525507,0.053270373,0.054810073,0.05362319,0.05776201
0.056753766,0.055044245,0.055719446,0.054698776,0.057111174,0.057802763,0.05531919,0.054802097,0.058019567,0.057754297,0.054556947,0.05548361,0.054682527,0.053804692,0.055726267,0.053103313,0.057066467,0.052550822
0.053263653,0.052868452,0.056095105,0.05266819,0.056076303,0.05672995,0.055306576,0.05477275,0.0552105,0.057780452,0.056461036,0.05627648,0.05560077,0.05766495,0.058697984,0.055149198,0.055634078,0.053743433
0.053930636,0.054043785,0.055782843,0.05499732,0.053713374,0.05497485,0.05962647,0.056637947,0.051448505,0.055681407,0.05629898,0.05728489,0.06006189,0.05564831,0.055897474,0.053699892,0.055587705,0.054683693
0.055651356,0.05435878,0.05425401,0.05297138,0.058962166,0.05764135,0.06006947,0.054737434,0.050894957,0.053573325,0.05531021,0.059342533,0.055635113,0.053606328,0.055447675,0.055566028,0.057692815,0.054284997
0.054610405,0.055945065,0.051564317,0.057328768,0.055269994,0.057426732,0.05684744,0.055490896,0.051736318,0.057389025,0.055647753,0.055768374,0.055733405,0.05812055,0.05149241,0.05735128,0.057063982,0.055213314
0.0538925,0.05345091,0.05465921,0.057057925,0.057939027,0.052847195,0.05566128,0.056524914,0.051513847,0.056742586,0.053743836,0.05791057,0.05764771,0.059582863,0.052971758,0.056243714,0.055303466,0.056306794
0.057347585,0.054170962,0.052653845,0.05487077,0.058355402,0.0581642,0.06031742,0.052094296,0.050533574,0.054077905,0.053934015,0.0549487,0.056312006,0.059725687,0.05737646,0.053374276,0.056978613,0.054764405
0.051465373,0.05628678,0.05390959,0.056819666,0.06150895,0.059256244,0.054789793,0.054460987,0.055755973,0.05697378,0.055314645,0.053822417,0.054162268,0.052639402,0.058347918,0.05678119,0.054667793,0.05303723
0.05794374,0.05681408,0.057827804,0.055127535,0.056369215,0.054169465,0.05610632,0.057812434,0.05662128,0.05731978,0.055569146,0.055561963,0.053133994,0.05626331,0.05083829,0.055489104,0.05175159,0.055280913
0.053630777,0.05716378,0.055326927,0.05534805,0.057652123,0.05475007,0.056114953,0.054346252,0.054804362,0.056171514,0.0562855,0.05737996,0.053371172,0.057192426,0.055263337,0.05525025,0.05420536,0.05574304
0.05536023,0.05362776,0.05475036,0.058932293,0.05416957,0.05346979,0.05612171,0.05791218,0.052523267,0.05640126,0.05519313,0.056899834,0.0578044,0.055039242,0.055971358,0.05537122,0.054594718,0.05585772
0.05812802,0.053466216,0.053392302,0.050456777,0.056512173,0.051233858,0.057946157,0.0544957,0.056608543,0.057495534,0.05558646,0.060699932,0.059209473,0.058893405,0.05279678,0.05564838,0.05334505,0.054085273
0.05361316,0.056731723,0.05426919,0.05407938,0.057127148,0.056224633,0.058228124,0.056978654,0.05403154,0.05473164,0.05432471,0.057542928,0.05575554,0.0582376,0.054195352,0.05432781,0.054675445,0.05492541
0.054242384,0.05444136,0.05601313,0.056357715,0.05629593,0.054834343,0.055397097,0.05641892,0.05655093,0.056225557,0.056674145,0.0568717,0.054249622,0.057377703,0.05141795,0.058652714,0.05392155,0.054057345
0.05556698,0.059099786,0.05493697,0.05671516,0.055312485,0.057698224,0.056577824,0.05501552,0.051089216,0.05546355,0.05482776,0.057277374,0.049991462,0.058364574,0.053722676,0.060599696,0.052725676,0.05501508
0.047749653,0.056856785,0.056790095,0.056895662,0.057940885,0.057599206,0.056580625,0.0553531,0.05327372,0.056111418,0.05511636,0.05959739,0.051716227,0.058455568,0.053155508,0.055949595,0.055245567,0.055612672
0.053946942,0.055908594,0.058796488,0.05653447,0.055055644,0.056132514,0.057354327,0.054036424,0.05629301,0.05690164,0.05457017,0.055627104,0.057550285,0.05397554,0.056079164,0.054363266,0.054016784,0.052857656
0.054662712,0.05533428,0.054722164,0.055713464,0.057623282,0.055244416,0.057774365,0.054914918,0.053104732,0.05589704,0.0560099,0.057273984,0.05539802,0.054465506,0.055158228,0.05545465,0.054641005,0.056607295
0.05543944,0.054176006,0.052816242,0.055658765,0.056154966,0.05223735,0.05818522,0.053159308,0.053367257,0.055490404,0.054533098,0.05999359,0.05699919,0.05522264,0.057857774,0.056191575,0.056064874,0.056452222
0.05567489,0.05705139,0.054244135,0.05617181,0.05426829,0.05417906,0.059212625,0.0544134,0.05132498,0.05563682,0.057770748,0.057664905,0.052858386,0.05869494,0.05325586,0.055068895,0.057230227,0.055278745
0.052883834,0.056164645,0.0524577,0.0578226,0.058536023,0.058783494,0.059933763,0.053823173,0.054718744,0.053340655,0.058281217,0.055814702,0.053440563,0.057918835,0.0579541,0.052608207,0.054267514,0.051250238
0.054369036,0.057183005,0.05574717,0.058970448,0.0611437,0.05541097,0.058321137,0.054156087,0.054594588,0.05809812,0.05377229,0.059525404,0.05299594,0.05449716,0.05463022,0.051447902,0.053127505,0.05200926
0.055650793,0.054157026,0.056935377,0.056533933,0.05427437,0.05360567,0.05443215,0.055837024,0.053639088,0.05990045,0.05415428,0.059289105,0.055130664,0.056794092,0.054667223,0.05406075,0.05726993,0.053668078
0.05238884,0.05367105,0.056447383,0.057489358,0.055394463,0.057322986,0.055594817,0.055345993,0.0551224,0.05957021,0.054363582,0.054653507,0.05262864,0.05954649,0.05166108,0.05848111,0.05822084,0.0520972
0.05535294,0.057785913,0.05636822,0.05526258,0.05485194,0.053957865,0.05726071,0.055387873,0.051829644,0.05754304,0.05564012,0.057787474,0.053533014,0.05868511,0.052294664,0.05581094,0.055318676,0.05532928
0.055586405,0.053446323,0.055005047,0.05343512,0.05525308,0.054948177,0.057006583,0.054610897,0.05423049,0.059033085,0.05431496,0.058117576,0.054187123,0.056843814,0.054729365,0.05843197,0.056708787,0.054111227
0.054365907,0.054190326,0.056776512,0.05412706,0.057897415,0.053739026,0.05502089,0.05534449,0.054043606,0.05537716,0.056821734,0.058844365,0.05590323,0.05866171,0.052695844,0.057405673,0.0508213,0.057963785
0.05255999,0.05582614,0.058878075,0.05531332,0.057758793,0.05475756,0.05710753,0.053207103,0.05340616,0.057896536,0.055535823,0.060809027,0.054752238,0.054600872,0.05482887,0.055336334,0.05378418,0.053641412
0.0536822,0.056516998,0.05403317,0.05625728,0.062037252,0.05638165,0.056354586,0.05312839,0.054810684,0.053994425,0.055640277,0.0592897,0.05403229,0.053524032,0.056275196,0.055022858,0.056397375,0.052621752
0.055759907,0.05812098,0.05640495,0.05440945,0.056001183,0.054375563,0.058130905,0.052272856,0.055458702,0.056522623,0.055371277,0.058356266,0.05689414,0.054173615,0.051507298,0.05467706,0.053500414,0.058062788
0.05268069,0.051230546,0.056168035,0.055939347,0.055739332,0.05630827,0.056282546,0.05213284,0.055466134,0.05720151,0.057931833,0.05589353,0.055487365,0.055360187,0.058896996,0.05661079,0.060227662,0.050442368
0.060409218,0.055202413,0.057080984,0.055479858,0.055787742,0.05244711,0.06053352,0.053438634,0.056702714,0.058472194,0.05395056,0.058021426,0.049657214,0.055256482,0.0541305,0.052302577,0.058117915,0.053008903
0.054419905,0.053640813,0.05389197,0.0539545,0.055380996,0.0522332,0.056745663,0.058861572,0.050615862,0.058552943,0.054804243,0.06027431,0.05585285,0.05796328,0.05394949,0.05642726,0.05432298,0.05810815
0.0546013,0.05784923,0.055324707,0.056142796,0.05657871,0.054501288,0.056333262,0.055565216,0.056849387,0.057652738,0.05351155,0.056871835,0.053904347,0.05621068,0.055228326,0.05664706,0.055006824,0.051220607
0.053551186,0.057206336,0.05583525,0.05714227,0.05593565,0.05604925,0.055645633,0.057083152,0.054263428,0.05623149,0.055363074,0.057475843,0.05380379,0.056790523,0.054101862,0.053645484,0.05458119,0.055294625
0.055879425,0.05759767,0.05623795,0.053080477,0.056076054,0.0566405,0.057943482,0.05682748,0.05629139,0.055166263,0.055603743,0.056173895,0.056682833,0.055728223,0.051785138,0.053094637,0.054506984,0.05468387
0.0537298,0.058940735,0.052649926,0.053257305,0.058593724,0.05616356,0.059070755,0.051658705,0.055195615,0.055458184,0.05478652,0.059557833,0.053436894,0.058389287,0.05502045,0.057393063,0.055999048,0.05069857
0.059099376,0.057438344,0.052804682,0.05914651,0.05318473,0.055374708,0.059757337,0.05452348,0.04985362,0.05640843,0.053437624,0.057381783,0.055712976,0.055114586,0.057360448,0.055695053,0.05203461,0.055671625
0.05283523,0.055833116,0.054549407,0.05738372,0.05482637,0.055204533,0.05503615,0.05678319,0.05386518,0.056378324,0.05358662,0.057023454,0.053040273,0.056860458,0.054234777,0.058149822,0.059202973,0.055206463
0.05275141,0.05891988,0.052920338,0.0554968,0.057054687,0.05550125,0.061946988,0.05051636,0.052519117,0.05370768,0.058344826,0.058836736,0.05199236,0.05350283,0.05720949,0.056617096,0.0577047,0.054457616
0.0559157,0.056423932,0.057673175,0.053580906,0.054940995,0.0525601,0.057099592,0.05838817,0.0525033,0.058252133,0.056229416,0.058047418,0.056657337,0.056334585,0.055242945,0.053605985,0.05240244,0.054141924
0.055990417,0.056233924,0.05535648,0.056082204,0.05727772,0.058612887,0.057137806,0.053260624,0.055295378,0.057105485,0.055369373,0.05719856,0.05124292,0.054083522,0.05636497,0.05656422,0.05466837,0.05215511
0.054691,0.05302192,0.054276817,0.05515174,0.053764872,0.05582146,0.056117505,0.05652444,0.05367443,0.056265388,0.05387047,0.057180386,0.055146493,0.05898979,0.060266677,0.05256541,0.057141792,0.0555294
0.05496918,0.05570404,0.056234296,0.05657578,0.059546288,0.054869734,0.05734749,0.049570564,0.055054553,0.05679687,0.05870276,0.05606811,0.054704964,0.056517053,0.051648047,0.056899525,0.05510125,0.053689543
0.054716278,0.05553908,0.05188554,0.055189613,0.057717573,0.05578539,0.056313902,0.056089167,0.052856486,0.054446045,0.054599546,0.05782784,0.05614402,0.058879867,0.057764634,0.054145418,0.05418203,0.055917602
0.05207189,0.05898458,0.05424242,0.053534813,0.05929581,0.055996254,0.05721944,0.055123914,0.054938097,0.05587547,0.055070914,0.05746472,0.05358873,0.05548505,0.05192748,0.056638945,0.055234615,0.057306852
0.055068802,0.054951996,0.054862626,0.057251513,0.054812342,0.05685213,0.05608515,0.054472797,0.05022308,0.05703333,0.055364862,0.055473052,0.05679427,0.059015624,0.054930817,0.05423104,0.05774229,0.054834254
0.054357838,0.05845415,0.052351512,0.057305623,0.05685619,0.0558305,0.05980184,0.0568835,0.05167486,0.055190194,0.05320131,0.059830222,0.054296244,0.052208234,0.05647818,0.055305663,0.05465308,0.0553209
0.054902878,0.056921627,0.058200758,0.05788206,0.05647971,0.052556347,0.054978907,0.055028163,0.05272381,0.05777678,0.054254673,0.059243582,0.056324087,0.052354198,0.05538948,0.053912845,0.05707065,0.053999506
0.050887354,0.056321494,0.053592026,0.055866588,0.058682293,0.057537556,0.056226727,0.055503204,0.055442914,0.055099867,0.055722013,0.061777048,0.0502708,0.05723011,0.05757054,0.05215368,0.054673117,0.055442605
0.051465955,0.055582725,0.0558497,0.0550994,0.056683596,0.05757881,0.05616941,0.05380601,0.054127607,0.057784162,0.055168387,0.05401581,0.057053402,0.05979634,0.053094007,0.054710835,0.056275435,0.055738427
0.0524442,0.058831032,0.053393736,0.054168094,0.05611281,0.054012306,0.05501793,0.055747684,0.0548238,0.054898497,0.057943773,0.056729432,0.054865867,0.056021184,0.0544956,0.056580126,0.05502647,0.05888734
0.055411182,0.055757087,0.055233028,0.05361277,0.056561038,0.053993594,0.058866706,0.05463286,0.051805537,0.057561427,0.05427313,0.05950686,0.05250863,0.058350813,0.055813316,0.056130555,0.054631144,0.055350274
0.056258794,0.055197846,0.05502683,0.055885345,0.061575662,0.05611475,0.056809597,0.049306966,0.054760914,0.057724055,0.05540926,0.05739737,0.054479606,0.05263631,0.056323495,0.052433617,0.05739266,0.05526692
0.059212644,0.05620845,0.050680075,0.053601094,0.057694573,0.05601453,0.055462267,0.05586319,0.05559601,0.053488504,0.054549098,0.055538483,0.054253772,0.059430268,0.058261808,0.055165816,0.05457703,0.05440237
0.05742392,0.05619857,0.05321308,0.055804443,0.056262717,0.055430498,0.05941823,0.05395804,0.054345023,0.05584878,0.05529552,0.056263126,0.0543328,0.054743998,0.057727233,0.053055733,0.05450627,0.05617196
0.05320388,0.055802092,0.056673143,0.05271253,0.056582212,0.05519493,0.053893697,0.057061072,0.05518534,0.056659833,0.055170875,0.05633425,0.056493573,0.05783483,0.056626007,0.05460129,0.053875193,0.05609526
0.054905336,0.055706363,0.054802872,0.054661516,0.05643367,0.055925895,0.052748203,0.055651125,0.052367598,0.0578207,0.058764357,0.0561175,0.0555707,0.060702257,0.053843074,0.054260593,0.052943747,0.056774553
0.050471384,0.055328194,0.05612456,0.05425844,0.059171088,0.056624096,0.05892783,0.053142883,0.05168875,0.054632798,0.052254274,0.06311322,0.05249995,0.058157172,0.058339506,0.052823056,0.05514623,0.057296548
0.05376821,0.055420134,0.054297984,0.05467576,0.059391577,0.054814983,0.05494153,0.055315305,0.05692767,0.05658546,0.055468306,0.058842145,0.053953532,0.053983975,0.057043947,0.0535442,0.055097558,0.055927727
0.05412044,0.05614482,0.055577952,0.05640247,0.05645712,0.054467462,0.056472022,0.05241731,0.05618315,0.059756998,0.055131353,0.056484476,0.055363595,0.05580048,0.054691885,0.055813063,0.058022995,0.050692447
0.0541059,0.056968763,0.05495185,0.054482896,0.057357393,0.055701416,0.057402845,0.054771006,0.054903932,0.055552352,0.058106616,0.055273626,0.054930206,0.056547154,0.055873506,0.05626304,0.054275993,0.05253156
0.054638118,0.054712918,0.05472467,0.056986157,0.060755607,0.056335792,0.060964596,0.052322324,0.05619291,0.05686845,0.053350102,0.058906958,0.053387683,0.05701073,0.056031745,0.051442694,0.053690944,0.05167769
0.055160984,0.054449424,0.051516086,0.056605905,0.05770257,0.056365486,0.055426747,0.05480844,0.05437303,0.05685994,0.055463962,0.056135558,0.054086644,0.056462508,0.056636833,0.05648115,0.059758224,0.051706467
0.05656834,0.0558435,0.054075442,0.054029386,0.057378847,0.053473357,0.05712873,0.056045495,0.05209455,0.055405553,0.055918768,0.057717547,0.057225574,0.0561024,0.05700716,0.055149052,0.04952222,0.059314087
0.054805014,0.055731364,0.053029317,0.055469822,0.05414672,0.053036917,0.056611918,0.05481839,0.053973973,0.055709347,0.05502886,0.056002766,0.056795496,0.05833609,0.05472513,0.05850208,0.057252705,0.056024175
0.05292866,0.05979889,0.056756027,0.059997343,0.05256267,0.055861253,0.055314593,0.055696532,0.053739604,0.055510268,0.054608617,0.058796335,0.053862832,0.054615386,0.0525276,0.055375714,0.0560532,0.055994503
0.054988816,0.056216456,0.05382296,0.05858051,0.056180343,0.054739717,0.053212337,0.053797584,0.05545924,0.058985054,0.057034146,0.056699883,0.054040365,0.05864198,0.05249123,0.055377506,0.05743567,0.05229624
0.056343287,0.056077898,0.053520024,0.057589535,0.051808245,0.057724424,0.05622409,0.05698359,0.05405453,0.056805868,0.05338184,0.054993123,0.056030534,0.057629064,0.05333678,0.057676107,0.05733675,0.052484293
0.054362074,0.05499371,0.053137563,0.055922076,0.058825586,0.05609686,0.05718432,0.053785834,0.05650846,0.056518618,0.057552475,0.056646664,0.05489075,0.056880258,0.055142716,0.05316639,0.0532551,0.05513065
0.05762939,0.054494735,0.0520567,0.058005285,0.056229338,0.054753106,0.060345456,0.054268908,0.05097867,0.055880774,0.053757515,0.056331836,0.057965085,0.056600355,0.05358534,0.054874543,0.05442173,0.05782121
0.054361384,0.057375357,0.05516104,0.055022106,0.053554717,0.052684594,0.056727834,0.054992948,0.05619344,0.055720642,0.057105485,0.060857967,0.05263019,0.055487886,0.055515386,0.05471024,0.05635433,0.05554439
0.05050239,0.056415632,0.05531654,0.057188965,0.06411614,0.054016538,0.058585286,0.049312163,0.051497582,0.05378953,0.053426526,0.061502192,0.05388229,0.058119465,0.054559983,0.0545317,0.056400634,0.05683633
0.051054478,0.055166375,0.053031523,0.05845493,0.05619638,0.0605336,0.05695074,0.053188875,0.056425557,0.056365613,0.058302358,0.055624533,0.052713785,0.05486678,0.054881513,0.056582626,0.058582585,0.051077697
0.055308167,0.055599358,0.054976642,0.055297438,0.05531383,0.053694006,0.056975007,0.056625374,0.05232989,0.05751116,0.055950664,0.056183472,0.056381974,0.0550477,0.053284444,0.055316817,0.055448245,0.058755886
0.054057546,0.056694236,0.054398395,0.05730163,0.055270504,0.055179853,0.056540154,0.054978065,0.051490124,0.056418207,0.054784946,0.057054177,0.054358173,0.06316832,0.05097517,0.056058653,0.057698827,0.053572983
0.053041823,0.057158727,0.057475768,0.055391833,0.056580283,0.053533144,0.05801696,0.05230196,0.052961208,0.058704063,0.057027675,0.05746198,0.05431284,0.05458749,0.05488,0.05554805,0.058018327,0.052997857
0.05576463,0.057232704,0.056505512,0.057265006,0.057036676,0.053712215,0.056456815,0.05214014,0.054865155,0.057885412,0.051883142,0.06013674,0.054963242,0.055055182,0.054706372,0.05427917,0.057233643,0.05287822
0.05335136,0.057404667,0.057554785,0.05247116,0.05898831,0.055121876,0.06307659,0.05793186,0.049666602,0.0514125,0.051809132,0.06329423,0.057202537,0.052485175,0.054972664,0.052017204,0.05566648,0.05557283
0.054130364,0.05558721,0.055015024,0.053027093,0.058488473,0.058289494,0.056882888,0.05452995,0.05169623,0.0561763,0.057877548,0.058523826,0.05372315,0.054767035,0.05462877,0.059514366,0.055582605,0.051559664
0.05241653,0.054308727,0.053358056,0.05532563,0.058375023,0.055592053,0.057141278,0.05565603,0.05479879,0.056281276,0.053357,0.06042343,0.054396868,0.05489855,0.058591556,0.054235473,0.054198436,0.056645308
0.05357129,0.05925428,0.057362188,0.05600283,0.05561976,0.055085763,0.056742698,0.054529715,0.056628916,0.05745522,0.053786412,0.057482924,0.05508884,0.05576809,0.055473097,0.052233554,0.055045538,0.052868947
0.056816272,0.056736734,0.05286223,0.055067856,0.054210648,0.05415188,0.058888905,0.0557638,0.053361185,0.056592926,0.054405615,0.059197374,0.05487286,0.05664234,0.053275347,0.05597715,0.0542068,0.05697011
0.05741336,0.05689947,0.050478436,0.058625076,0.05856495,0.05656756,0.05827581,0.051628776,0.052617278,0.054911412,0.05430404,0.05817436,0.05658381,0.05414491,0.05621791,0.05468332,0.055109616,0.054799944
0.052553352,0.054982446,0.051071387,0.05516761,0.062334966,0.054455295,0.05905614,0.054168515,0.05447414,0.05606214,0.05520664,0.05957139,0.056702394,0.052937567,0.054303236,0.053579614,0.05610308,0.05727009
0.054372523,0.059630875,0.053676695,0.052630197,0.056875966,0.05431782,0.058251314,0.055214345,0.058594204,0.055463616,0.05636255,0.06257197,0.047363713,0.05877867,0.05326539,0.05229274,0.05506963,0.055267777
0.057797458,0.05545044,0.057632532,0.058258254,0.054999437,0.055045657,0.053634435,0.05265552,0.055620883,0.056994807,0.05781322,0.05677426,0.053613,0.055784967,0.05137172,0.057507288,0.055154916,0.05389126
0.054980904,0.0550789,0.05441791,0.0538131,0.059203565,0.055788,0.056386866,0.05166635,0.051367443,0.05504154,0.056984566,0.060305767,0.051591378,0.061419863,0.056604244,0.05618678,0.052083075,0.05707979
0.05785588,0.056345303,0.053031724,0.057348806,0.057103444,0.051225774,0.057889204,0.052146804,0.051042113,0.056241095,0.054869194,0.058715835,0.055499498,0.055695195,0.056328215,0.055299915,0.05554954,0.057812445
0.057342988,0.053669356,0.05290534,0.055374324,0.058949124,0.055282455,0.06080317,0.051910035,0.05412049,0.056876272,0.05451075,0.057715084,0.052960116,0.05713558,0.05358322,0.05599769,0.055058997,0.055804998
0.05478,0.056919523,0.054800168,0.056909714,0.057567224,0.057001837,0.06048984,0.053591892,0.055202194,0.056296393,0.05597961,0.055957627,0.054713123,0.054160044,0.051850673,0.05283888,0.055015177,0.055926062
0.05510354,0.05503351,0.053732622,0.057466567,0.056586295,0.057014413,0.05384173,0.053729698,0.05473002,0.057453815,0.0576559,0.058563612,0.05325776,0.05838313,0.05461465,0.052623227,0.05481788,0.05539159
0.05437327,0.05726053,0.053679913,0.05599614,0.056860525,0.05862268,0.055976946,0.052669026,0.054100182,0.055991516,0.05737802,0.057964206,0.054134663,0.055765275,0.054817528,0.054031838,0.056444705,0.053933017
0.05300015,0.057560466,0.055445887,0.05742781,0.053678665,0.056049705,0.057791077,0.058263462,0.05770755,0.05711944,0.054478917,0.055222545,0.057017256,0.056008387,0.050686505,0.055503257,0.054284915,0.052754063
0.056276105,0.055943567,0.054764494,0.056983512,0.056105513,0.056667592,0.054614313,0.055550236,0.054362234,0.056983743,0.05623628,0.056404345,0.056708343,0.056278437,0.056035586,0.05408019,0.053887494,0.052117996
0.0543422,0.056205947,0.05590093,0.05648297,0.055871066,0.056371458,0.058331683,0.053436905,0.05706123,0.056111243,0.054931447,0.055170666,0.054299694,0.056658547,0.054601222,0.054748993,0.05734179,0.052132018
0.052498855,0.051966798,0.057326578,0.05756745,0.05863622,0.055106718,0.053979978,0.055053506,0.05421473,0.05696995,0.056692988,0.05816134,0.0556388,0.056319594,0.0548683,0.05516035,0.05484279,0.054995086
0.054604962,0.05482738,0.053724285,0.05507944,0.058928624,0.05562315,0.055781767,0.05467957,0.055140875,0.053997718,0.056423668,0.05846255,0.05272777,0.056301683,0.05616235,0.055941362,0.053889696,0.05770314
0.054015107,0.057185583,0.05498742,0.05565863,0.05649611,0.05499483,0.05979476,0.054659225,0.052483566,0.055317108,0.052822575,0.06047894,0.055763673,0.052523892,0.05723013,0.052189175,0.057283778,0.05611553
0.057623826,0.054814823,0.053883757,0.055448506,0.056042533,0.05449556,0.05578891,0.055751674,0.054885995,0.057882354,0.05492596,0.056410838,0.05631877,0.06004206,0.05145918,0.055491593,0.05554118,0.053192493
0.054776497,0.059193935,0.057103697,0.05086954,0.058709383,0.054292634,0.059494503,0.051726077,0.052295573,0.05431762,0.054447368,0.062563434,0.05181055,0.057105567,0.05798525,0.054469336,0.05361214,0.055226848
0.051769182,0.052521028,0.05466227,0.053571817,0.060714122,0.057188928,0.055333085,0.05397127,0.05513962,0.058042552,0.055510327,0.05609529,0.055649236,0.055524442,0.052698452,0.055280644,0.057577964,0.05874979
0.05577236,0.05529558,0.05185293,0.05641466,0.055007294,0.05729294,0.058957987,0.052740835,0.054353982,0.054589745,0.05453285,0.05518474,0.056740906,0.056796078,0.05642107,0.056582823,0.05852033,0.052943017
0.055518065,0.053491995,0.057836533,0.056104187,0.05595732,0.051892422,0.054251775,0.053713802,0.053301327,0.057586253,0.054018,0.056837548,0.056518555,0.05675378,0.057380956,0.057022624,0.055884216,0.05593056
0.05396501,0.05725541,0.052663453,0.055599377,0.056866918,0.055413473,0.057370737,0.055305004,0.052692864,0.054291382,0.057777815,0.060360637,0.054059017,0.05706529,0.05723561,0.053794425,0.051802896,0.05648072
0.05316033,0.056843027,0.054873627,0.058148004,0.056580894,0.05661696,0.0592041,0.053349033,0.0520627,0.05399717,0.055989888,0.058299117,0.05410706,0.055351075,0.052989148,0.054801796,0.05550074,0.05812545
0.055464447,0.053542066,0.05431713,0.051111784,0.058487218,0.052549783,0.05580464,0.054161787,0.052342292,0.059767358,0.054410182,0.0575765,0.05660245,0.057879362,0.05821222,0.055834,0.05669614,0.055240653
0.05888421,0.05965056,0.051631454,0.055545487,0.054911066,0.054805104,0.057690807,0.055012513,0.04918264,0.057590026,0.055703536,0.05749832,0.05550767,0.05758012,0.05314681,0.056685314,0.05413055,0.054843906
0.0525808,0.05682403,0.056014787,0.058808595,0.058094617,0.05258052,0.058977928,0.055218495,0.051824547,0.05618094,0.051905986,0.057759747,0.054009117,0.05836924,0.05318704,0.055398267,0.054830868,0.057434507
0.054332618,0.056111645,0.054037172,0.05569584,0.056568053,0.051813215,0.055871423,0.055125274,0.049204625,0.054552615,0.056762993,0.05676674,0.05817011,0.054961316,0.057542585,0.056849964,0.05750767,0.058126163
0.053953696,0.0553586,0.05354457,0.059788756,0.058277138,0.056262143,0.060853492,0.05522839,0.0524993,0.0571112,0.053772092,0.05985004,0.05289648,0.057438727,0.055276573,0.051592514,0.05592041,0.050375886
0.054205142,0.05367184,0.054928627,0.05663181,0.058069456,0.056204,0.056839015,0.057133976,0.05693267,0.05849757,0.05221559,0.05511022,0.054867025,0.05764507,0.05220486,0.054622505,0.052586388,0.057634205
0.05537969,0.056568127,0.056698114,0.054857705,0.05440198,0.055228405,0.055936504,0.05474224,0.051485762,0.056829073,0.057416867,0.06015897,0.05428443,0.055865463,0.05635572,0.05426217,0.055710446,0.05381831
0.057470974,0.054743584,0.053484637,0.055595867,0.057554923,0.05522163,0.057116628,0.056189872,0.051843688,0.05686263,0.055705503,0.05823898,0.052267194,0.057450727,0.05373831,0.05563415,0.054384694,0.05649594
0.056549538,0.053854074,0.053021677,0.053831127,0.05705339,0.055517614,0.057672907,0.053348172,0.05215435,0.054299094,0.05618727,0.060995564,0.055908374,0.056694575,0.060174614,0.056710556,0.052794762,0.053232327
0.056856107,0.05511223,0.055902842,0.054448195,0.059612364,0.052475885,0.05803639,0.053622425,0.053826127,0.05713827,0.05366621,0.059345458,0.05425026,0.053344492,0.058425754,0.055224057,0.054164737,0.05454826
0.054085627,0.055852104,0.056261927,0.05555672,0.058860496,0.055524044,0.057034254,0.051809724,0.05428289,0.058355056,0.05497518,0.058506407,0.054874174,0.05747611,0.05531293,0.05279738,0.053521037,0.054913912
0.055365764,0.05573299,0.0554767,0.053596377,0.060240738,0.056912173,0.058304697,0.054581203,0.056699827,0.057565346,0.05437181,0.055951625,0.05458713,0.055210285,0.055288993,0.05188851,0.055594955,0.05263081
0.05342614,0.056844022,0.05603703,0.059420478,0.05859193,0.055060707,0.05634402,0.05534583,0.05545226,0.05686635,0.05384029,0.05561154,0.054400016,0.05295872,0.054271862,0.055515178,0.05541362,0.054599978
0.05473713,0.057044663,0.05650259,0.05210166,0.059568387,0.057836868,0.055900753,0.051991083,0.05610777,0.055992708,0.055639863,0.054392762,0.05450856,0.057411503,0.056943778,0.054810148,0.05450702,0.054002736
0.05392416,0.058146764,0.054130916,0.054374803,0.057360385,0.05416111,0.052498534,0.05545256,0.056277443,0.057151612,0.057723876,0.05909346,0.05155941,0.055375542,0.05470439,0.05697474,0.05640231,0.05468788
0.05548595,0.055295147,0.05364894,0.05529493,0.059640426,0.054964874,0.05816375,0.04989519,0.053149216,0.053760048,0.056844756,0.05885252,0.055909514,0.059195366,0.055084646,0.05650003,0.051893458,0.056421235
0.05641798,0.058406573,0.056561362,0.0558266,0.05610048,0.05395555,0.057898086,0.055749357,0.053492125,0.05567537,0.0533825,0.055166654,0.054394413,0.058130182,0.05322548,0.05420976,0.054446705,0.056960817
0.053260807,0.053830687,0.051527366,0.05669421,0.05543344,0.056386404,0.057152927,0.052990276,0.05247141,0.057169415,0.05699853,0.055321943,0.05751528,0.060511593,0.053472854,0.05690743,0.05775452,0.05460083
0.05489296,0.056014508,0.05492437,0.054680966,0.056025226,0.05788793,0.05585623,0.054891903,0.05407675,0.05736248,0.056796577,0.056096938,0.05606438,0.05767261,0.055537328,0.051382367,0.055360794,0.054475795
0.05371773,0.05741561,0.054693103,0.054818414,0.057619393,0.054973163,0.057798583,0.057086505,0.0522737,0.055824023,0.051636025,0.057755135,0.054947633,0.06106312,0.054189146,0.055167623,0.054977182,0.054043923
0.05266143,0.056847245,0.05341998,0.05941627,0.06023315,0.057213467,0.060479533,0.051185045,0.052101042,0.05732468,0.0519349,0.05748996,0.052247476,0.057405528,0.05619903,0.057948157,0.055764753,0.050128292
0.05375666,0.058519684,0.05742961,0.056843344,0.05755857,0.054481484,0.05846445,0.052576136,0.055239838,0.057908252,0.054371808,0.05632905,0.053486254,0.056843445,0.051336117,0.055370916,0.053331476,0.056153018
0.052944433,0.056372095,0.053443946,0.05606406,0.05623306,0.05565913,0.056084104,0.052477993,0.054142065,0.05704384,0.056013383,0.057737473,0.053967338,0.05827634,0.053599514,0.057208396,0.058859,0.05387393
0.055399116,0.057911538,0.05429335,0.058751147,0.056277137,0.058184605,0.059418872,0.05424056,0.053543977,0.05658102,0.05601975,0.05738822,0.055130173,0.053025626,0.053655148,0.053593714,0.05416679,0.05241924
0.053365756,0.055516608,0.0531106,0.054917123,0.05837196,0.05800422,0.0579199,0.053877484,0.05383973,0.055013437,0.05769831,0.058242638,0.053825017,0.056725584,0.056456696,0.05371263,0.054943994,0.05445829
0.053711224,0.05839868,0.054896418,0.056171596,0.05367515,0.056739718,0.0548974,0.05705213,0.05635071,0.05547369,0.05769054,0.05716398,0.053203445,0.05854519,0.053327344,0.055261597,0.05302545,0.054415688
0.05342106,0.055930898,0.055681296,0.057038058,0.056244213,0.057156626,0.059015345,0.056205235,0.054507155,0.057963178,0.054899562,0.05407411,0.054562952,0.055603966,0.05244433,0.055585798,0.054164954,0.055501215
0.053078413,0.05809201,0.056582697,0.058520827,0.055936262,0.053519916,0.056515027,0.05506998,0.054664604,0.05502569,0.05364353,0.05886708,0.056645922,0.059154406,0.049880203,0.057428453,0.055172417,0.052202675
0.055632226,0.05364323,0.05397276,0.056082513,0.057248496,0.05275096,0.05415707,0.05660593,0.054028533,0.059669293,0.055313505,0.0593109,0.05759795,0.05526241,0.05342291,0.05577212,0.05775498,0.051774304
0.052814238,0.055450212,0.056244023,0.05466019,0.058137808,0.05678445,0.06067636,0.053403895,0.057358857,0.055506833,0.054630563,0.057379864,0.052855257,0.054714143,0.05519008,0.053249925,0.056619305,0.054324016
0.054183215,0.05346673,0.057211287,0.055144787,0.053855248,0.056313433,0.05570671,0.055849463,0.053947933,0.05927783,0.055534564,0.05647906,0.05519499,0.05921793,0.052372564,0.057085764,0.056040563,0.05311805
0.057305053,0.05757339,0.055708364,0.055441514,0.05520967,0.053442243,0.05547914,0.05686911,0.0560307,0.056157302,0.052825313,0.055440888,0.056616466,0.057306126,0.053695854,0.053961717,0.0557882,0.055148963
0.05521357,0.0539871,0.054065797,0.05657174,0.057705168,0.058812916,0.0596641,0.053784434,0.050413087,0.054311667,0.05646026,0.056380346,0.057547614,0.055010457,0.054670054,0.054842357,0.055338774,0.055220515
0.04928085,0.056076594,0.05265761,0.056670666,0.05784217,0.05947171,0.055603802,0.053140335,0.054699216,0.054809667,0.055183616,0.057477802,0.056426164,0.05839652,0.055903457,0.052932125,0.05673045,0.05669731
0.054214623,0.056468517,0.053474173,0.054868404,0.058732137,0.056846876,0.058589213,0.055799425,0.051946152,0.051639285,0.05486274,0.058818232,0.05449364,0.052833937,0.059465416,0.055912692,0.057117216,0.053917337
0.048388984,0.05538436,0.053936675,0.055357262,0.057755154,0.057865202,0.05602997,0.057036113,0.052683715,0.055201516,0.05652373,0.05795436,0.05417591,0.05659768,0.052227933,0.057076316,0.056198515,0.059606567
0.053993188,0.05512407,0.05441944,0.0565644,0.05529022,0.05503616,0.059094217,0.05614386,0.056120213,0.057222493,0.054231346,0.054927994,0.056321573,0.05765388,0.057551596,0.05243297,0.055340704,0.05253166
0.052107967,0.056572404,0.053525593,0.056682337,0.056686044,0.057571188,0.05855843,0.054526027,0.05446157,0.05571068,0.05679559,0.058356132,0.053534906,0.05594784,0.055166956,0.05334474,0.055648077,0.054803558
0.05278349,0.05764501,0.05349458,0.055266634,0.057231545,0.05430313,0.05832928,0.052719444,0.05516759,0.056636233,0.056815084,0.057197973,0.056082796,0.057413697,0.051567588,0.05492751,0.058561947,0.053856514
0.055804547,0.05327964,0.052125514,0.053377405,0.058189582,0.054088738,0.05734798,0.052410565,0.055636074,0.05691984,0.05685112,0.058547415,0.054108974,0.05754052,0.054890323,0.05608622,0.055849742,0.056945812
0.054355178,0.054782525,0.053072132,0.056197185,0.06303482,0.05518886,0.059178267,0.05507311,0.049649812,0.05913428,0.053188816,0.05868354,0.05388776,0.05432767,0.05253913,0.054050848,0.057176504,0.056479517
0.052592065,0.057067096,0.057906613,0.05604364,0.057726633,0.05551463,0.058438495,0.05512542,0.05205717,0.056211825,0.053650275,0.05868689,0.05365527,0.057143517,0.05452507,0.055198286,0.054497473,0.053959675
0.053198762,0.054009646,0.05673387,0.05768514,0.055080656,0.049825747,0.054057598,0.055804964,0.05147759,0.057265017,0.0559487,0.06252973,0.055202037,0.060239006,0.05201699,0.056455042,0.056837216,0.055632226
0.053554412,0.0528984,0.05421357,0.056648873,0.058883328,0.0551372,0.056906134,0.05711658,0.054854907,0.05721234,0.05490763,0.057554256,0.052057963,0.055103038,0.0556289,0.05710486,0.055667832,0.054549765
0.053537223,0.05294519,0.055983428,0.055950716,0.057098124,0.0554703,0.055871118,0.054829687,0.05582796,0.057886977,0.054763798,0.05391344,0.05862936,0.057649028,0.05435528,0.054765392,0.057071965,0.053450905
0.058040254,0.054785404,0.055798244,0.054096926,0.057244297,0.05799443,0.056061354,0.0520818,0.053818673,0.05802901,0.056231745,0.05564545,0.05562753,0.056182764,0.055157747,0.053418543,0.05523907,0.05454682
0.055131126,0.054822214,0.055438977,0.056903332,0.054772083,0.05491523,0.055053886,0.050798375,0.053078707,0.05644779,0.057525445,0.05757311,0.056956727,0.0579534,0.05368218,0.05653988,0.056760453,0.055647083
0.055975784,0.057109434,0.05542702,0.053546976,0.0551249,0.056414224,0.05634941,0.05370139,0.055527344,0.057034485,0.057619896,0.05601065,0.055490702,0.056964587,0.05404503,0.05509155,0.054316007,0.05425066
0.056559112,0.057878345,0.056619722,0.056891575,0.05400174,0.05298326,0.05771046,0.056423016,0.054804623,0.057194605,0.054806262,0.056570202,0.055685077,0.053435344,0.054236937,0.05389576,0.056602865,0.05370099
0.0581206,0.054103836,0.05157638,0.056168582,0.05708463,0.055254564,0.05801229,0.053647738,0.050044943,0.056693338,0.055403605,0.057180326,0.057340864,0.05526871,0.05763154,0.053715616,0.05784111,0.054911263
0.053919867,0.055166,0.051708654,0.056765195,0.05697595,0.05831678,0.056044824,0.057721645,0.053533647,0.056162994,0.0536704,0.056846835,0.054370772,0.058534276,0.051863197,0.055398434,0.05507951,0.0579209
0.054771643,0.056962974,0.05466912,0.054937467,0.0553036,0.052406196,0.057157256,0.056603283,0.056098387,0.05619776,0.05428211,0.055107635,0.055366028,0.05640746,0.05733174,0.055248383,0.055486515,0.05566246
0.051532414,0.055672877,0.057292584,0.05795142,0.05747226,0.056921367,0.056727275,0.054907534,0.055288993,0.05829443,0.05304402,0.056525543,0.052718624,0.05880572,0.05072517,0.057748374,0.055664476,0.052707005
0.049650054,0.05710368,0.05507222,0.056895666,0.05674967,0.056517787,0.05989496,0.054620188,0.051444672,0.053591773,0.055816855,0.06071192,0.054282054,0.056064814,0.053683326,0.055917174,0.054758735,0.057224516
0.05419706,0.057290003,0.053338137,0.056885,0.055112645,0.052835148,0.054166835,0.058867786,0.050843034,0.055825192,0.058675233,0.0582355,0.055005748,0.056275543,0.05443272,0.054627977,0.055852935,0.05753357
0.051816475,0.058188345,0.057786264,0.057835232,0.05551731,0.057760935,0.05956133,0.05349291,0.053904086,0.057527445,0.052850086,0.05715511,0.051791195,0.057902694,0.05187926,0.05704341,0.055264942,0.05272294
0.054034155,0.05580015,0.05747946,0.05460348,0.057203773,0.05266466,0.057801697,0.055775046,0.051223792,0.05593126,0.053235687,0.06246175,0.057067223,0.056127727,0.05704932,0.05262707,0.05324916,0.05566458
0.053634334,0.049857076,0.049687855,0.05564745,0.06002189,0.058406107,0.056786932,0.05573984,0.05366233,0.05652343,0.056842722,0.05405003,0.056158368,0.054377973,0.058451947,0.05854351,0.057431627,0.054176547
0.05702493,0.057828475,0.054067582,0.056383368,0.053461447,0.055642143,0.05957417,0.056632604,0.05296758,0.0562253,0.055991527,0.058051422,0.054895595,0.05563316,0.05380977,0.054315124,0.054834448,0.05266141
0.05362848,0.059109375,0.05414676,0.054844286,0.054469246,0.05745713,0.058955234,0.056026373,0.051211465,0.05475611,0.056802835,0.056834947,0.05643601,0.058947198,0.052397333,0.053333215,0.054561622,0.05608247
0.05595329,0.05890324,0.0538587,0.057249557,0.056943137,0.055449963,0.05879966,0.057352442,0.052195717,0.054119755,0.053604744,0.05718518,0.054069597,0.05240452,0.056252368,0.055985466,0.05427042,0.05540223
0.05410949,0.055537216,0.054059315,0.054476634,0.059300154,0.054385077,0.05781708,0.05653689,0.05218881,0.057158828,0.053300776,0.059528917,0.055647697,0.058457326,0.051918212,0.054910596,0.05360462,0.057062298
0.053897023,0.05268879,0.05625583,0.057930365,0.056732256,0.05528861,0.056338515,0.0520363,0.05664686,0.055806465,0.05589156,0.05745513,0.052131496,0.05663105,0.05625889,0.05710748,0.05330492,0.057598576
0.052611805,0.058126986,0.05326848,0.056913458,0.058543142,0.057319116,0.054369126,0.054769017,0.05456278,0.056181148,0.055142548,0.059121702,0.051837444,0.058041975,0.05477149,0.053269714,0.055817347,0.055332694
0.054168798,0.058052234,0.052186143,0.055216897,0.058060937,0.0549582,0.055293556,0.052219532,0.05423959,0.056282353,0.05681367,0.060777746,0.053827036,0.056725606,0.054987323,0.054275222,0.05553478,0.056380413
0.056357764,0.053912662,0.053697675,0.052907065,0.058573313,0.057416935,0.0581948,0.05183276,0.05591617,0.058196336,0.055910572,0.055905364,0.054937024,0.056082975,0.055840224,0.05513004,0.05320408,0.05598421
0.056606013,0.055707306,0.05216824,0.054980733,0.059697952,0.052888386,0.057098795,0.054938976,0.053720634,0.055440392,0.055364408,0.05818058,0.05482501,0.05405002,0.057830524,0.05612807,0.053978298,0.056395803
0.054913715,0.056271113,0.05308277,0.05569722,0.057416663,0.054394905,0.056667615,0.05238353,0.05358495,0.056361616,0.055698246,0.05934446,0.057607222,0.05801037,0.052745856,0.055956874,0.053899355,0.055963527
0.053367175,0.056080554,0.05607376,0.054785766,0.053515323,0.055057354,0.05907682,0.053391732,0.05573928,0.055033144,0.05862071,0.05591102,0.055911735,0.056777842,0.05312959,0.05219679,0.057159178,0.058172196
0.055359263,0.056790985,0.054780956,0.05485182,0.057381175,0.053097323,0.055488423,0.05590478,0.05416932,0.05734097,0.056031864,0.05496403,0.054619484,0.060350943,0.05258488,0.056820624,0.05444334,0.05501981
0.053879924,0.06095026,0.056744967,0.05697362,0.053377498,0.057083752,0.05944889,0.057397712,0.055501405,0.0538283,0.052179106,0.056564346,0.049320765,0.05786193,0.050125565,0.05952919,0.053522605,0.055710178
0.05435207,0.054584187,0.053924147,0.05405047,0.056732047,0.058329713,0.055029396,0.054644953,0.054211926,0.05666892,0.056244202,0.056732334,0.055268746,0.05954685,0.053656697,0.057680994,0.053824574,0.0545178
0.054345973,0.057146303,0.052543487,0.057156723,0.056237545,0.05463937,0.056778748,0.052810576,0.054490503,0.055028252,0.0534784,0.059415948,0.05593816,0.061195225,0.053951114,0.056019276,0.05408751,0.054736976
0.0537794,0.054631002,0.05703314,0.055549283,0.057591006,0.057079494,0.05627678,0.05270554,0.054659784,0.05710312,0.056062408,0.05670547,0.05365143,0.058391266,0.05277308,0.057995766,0.057105802,0.050906267
0.053961817,0.058566544,0.0547877,0.05444697,0.058955483,0.057340834,0.057078872,0.052621752,0.054171834,0.05639949,0.054944813,0.056142006,0.054238297,0.059788056,0.054434106,0.05360034,0.05392824,0.054592825
0.055986144,0.057816282,0.053273074,0.0542265,0.055357147,0.055589627,0.0575574,0.053954113,0.051431097,0.05726835,0.056043282,0.058773063,0.056556154,0.059768584,0.05447031,0.054146305,0.05449269,0.053289853
0.051525794,0.0549001,0.051341847,0.056412373,0.05879785,0.058465574,0.05933384,0.051017813,0.054510053,0.056638055,0.058321502,0.058008898,0.052839335,0.055306777,0.056642007,0.054394588,0.05705375,0.054489736
0.055405233,0.0562311,0.054515515,0.054212674,0.056060746,0.0556821,0.05958383,0.052195713,0.0534371,0.054240312,0.053262413,0.05796255,0.05499958,0.05846167,0.056830656,0.05638399,0.054840077,0.055694733
0.056447,0.057803225,0.052957222,0.054578487,0.057804074,0.05259745,0.05610528,0.05548842,0.052960675,0.05886172,0.05282815,0.056547537,0.056355365,0.059342556,0.05326587,0.054516908,0.055482704,0.056057405
0.051790882,0.056023285,0.052863013,0.056219965,0.057240855,0.054846093,0.05732442,0.052028332,0.054825917,0.05678813,0.053989176,0.05613306,0.05833975,0.05540915,0.055018242,0.05718174,0.059349317,0.054628618
0.05463809,0.056981355,0.051691283,0.0570944,0.05835997,0.055134896,0.06023948,0.054156575,0.050188918,0.05700405,0.05484986,0.055499364,0.057309266,0.055547927,0.052830234,0.057107944,0.05697446,0.054391924
0.054694735,0.054839723,0.05608827,0.053624973,0.055738732,0.054772932,0.057376966,0.054723136,0.054856613,0.056328896,0.055243388,0.056715447,0.056502406,0.05718141,0.055744626,0.05430306,0.05576255,0.055502236
0.055634588,0.054803997,0.0554109,0.056506243,0.055734564,0.056314304,0.055948183,0.056134764,0.054524723,0.058381367,0.054733135,0.057639007,0.05525022,0.05721628,0.054498296,0.054677065,0.053108767,0.05348359
0.0529205,0.05649972,0.05449504,0.052090555,0.059494313,0.056242906,0.057938643,0.055160582,0.053612094,0.05375256,0.056061633,0.059125505,0.05402903,0.05486527,0.055957485,0.0585541,0.054426603,0.054773472
0.053108733,0.05618149,0.051080078,0.057524193,0.057759386,0.055785373,0.057759188,0.053627163,0.054749403,0.057094235,0.058127828,0.05670605,0.053804435,0.05822309,0.052007552,0.05711288,0.05466304,0.05468593
0.054686766,0.055903267,0.054783795,0.05676703,0.056101512,0.0557798,0.058995306,0.05532443,0.051270712,0.056831766,0.054834258,0.05990018,0.054268137,0.055770483,0.055062734,0.054139346,0.055635113,0.05394543
0.054102167,0.055323586,0.053945296,0.053593714,0.057525426,0.054873317,0.05783185,0.056147344,0.05074459,0.055446707,0.056243595,0.059563797,0.054155827,0.056514535,0.057361193,0.05610572,0.052881088,0.057640214
0.055111516,0.056074582,0.055260688,0.057936773,0.05772003,0.054608576,0.057732943,0.05371356,0.052799977,0.05939838,0.053978384,0.05991538,0.05312028,0.055557102,0.053490464,0.053773522,0.05576784,0.05404006
0.05386179,0.05656252,0.05375541,0.05752078,0.057758782,0.052730665,0.056399047,0.058784146,0.056200057,0.05916901,0.054518472,0.056130484,0.054536946,0.054026823,0.055975776,0.053425856,0.05595319,0.052690234
0.054020487,0.057918116,0.052671313,0.053770505,0.056971077,0.055377588,0.054973196,0.0560723,0.055148177,0.056275655,0.057488307,0.057570696,0.053161025,0.056479655,0.052746523,0.056545768,0.054493,0.05831666
0.054584507,0.056861263,0.05600425,0.054205943,0.056307394,0.054246675,0.058340974,0.052900437,0.054754555,0.05655295,0.05565739,0.057162482,0.05831144,0.055436034,0.054066706,0.052681927,0.05679924,0.055125773
0.052109685,0.055596318,0.054049455,0.056144133,0.0555969,0.056821488,0.056660496,0.0562559,0.055675868,0.056627214,0.057644416,0.056459635,0.05442962,0.056525882,0.05393385,0.05354013,0.056038186,0.055890795
0.05451659,0.055482946,0.055644404,0.055354,0.057621453,0.0553758,0.054629005,0.054360308,0.055833448,0.05837076,0.054218594,0.05774021,0.05528305,0.059371494,0.05239041,0.05473551,0.055373456,0.0536985
0.051080447,0.055261184,0.05413244,0.05291916,0.058479067,0.055585597,0.053746443,0.058489706,0.057694405,0.054587323,0.06018932,0.054919895,0.05202211,0.059315167,0.052551582,0.056495424,0.05570584,0.056824856
0.054069042,0.056101162,0.05774181,0.055947684,0.060118057,0.052808095,0.054927,0.053917058,0.059752505,0.056891423,0.055453718,0.057052433,0.05315616,0.057133514,0.05556119,0.05286415,0.053199947,0.05330507
0.053701855,0.055426616,0.051578738,0.056725457,0.05888378,0.055093877,0.058500357,0.0547459,0.054974966,0.05336703,0.056170873,0.058044575,0.054048073,0.05471692,0.0572063,0.055519935,0.05652925,0.054765575
0.056458123,0.056081958,0.05455376,0.056126673,0.056306574,0.05777605,0.057868753,0.05384275,0.053313043,0.056156892,0.05562916,0.05664338,0.05409094,0.05591111,0.056699492,0.05452545,0.054040723,0.05397521
0.05460959,0.054594316,0.05817089,0.058530774,0.05695378,0.05575941,0.05654681,0.054064196,0.057453703,0.0572477,0.05436693,0.054968238,0.052556783,0.05667127,0.053506088,0.0549665,0.055028547,0.054004468
0.058695152,0.05882085,0.053552814,0.055854622,0.05565914,0.05517128,0.05948898,0.05421618,0.053552534,0.05472093,0.058076143,0.058267415,0.05278557,0.05390819,0.05491999,0.054630026,0.054670352,0.053009816
0.056256577,0.057501175,0.05632158,0.054556083,0.05658868,0.05505359,0.056733087,0.0543986,0.054029547,0.05664188,0.057487275,0.05537005,0.056644604,0.056777537,0.053299643,0.05335449,0.054006293,0.054979276
0.05370684,0.05708865,0.05532126,0.056761123,0.05615789,0.05566362,0.058551785,0.05544867,0.054036397,0.056602806,0.055262342,0.05578559,0.056461275,0.054705795,0.05397258,0.05305141,0.056409437,0.055012442
0.052758418,0.053865932,0.056225237,0.05383176,0.059493028,0.055744864,0.054060623,0.05337109,0.05699521,0.057111405,0.05531841,0.059102938,0.05619202,0.0554788,0.056718092,0.054962058,0.05488891,0.053881034
0.058383197,0.05554025,0.053608425,0.05289687,0.054280493,0.054825455,0.05996393,0.054098714,0.0535058,0.058289293,0.05603018,0.05312814,0.059447445,0.056623608,0.056782115,0.053579524,0.055380467,0.05363608
0.052421838,0.055220794,0.056449868,0.05520793,0.05775214,0.05466086,0.058551468,0.056380082,0.05507077,0.05813531,0.059230328,0.054505784,0.055916823,0.05416823,0.05175231,0.056094125,0.054460727,0.054020613
0.054991893,0.05659609,0.055220626,0.05572186,0.057490148,0.05483899,0.057174865,0.051616408,0.056132052,0.056053046,0.058693413,0.05678536,0.05582752,0.054273527,0.052186176,0.055946633,0.057088014,0.05336333
0.05253368,0.057861734,0.054451853,0.056623865,0.05332155,0.053477503,0.059488505,0.05873607,0.054200977,0.05428724,0.056965485,0.05735386,0.056690056,0.057329584,0.05137374,0.053594332,0.056123305,0.055586718
0.056340918,0.055772122,0.052440688,0.05615095,0.056198407,0.053053558,0.05885666,0.058045186,0.05121736,0.057178676,0.056126032,0.05569975,0.05655854,0.052149706,0.054947764,0.056281254,0.056969184,0.05601321
0.054024722,0.053471908,0.054336615,0.05906955,0.059901,0.054220665,0.057268307,0.05409288,0.05207894,0.05826083,0.05568904,0.058413997,0.05391479,0.052476685,0.05511945,0.056315906,0.05608693,0.055257745
0.053517822,0.05398051,0.054373577,0.058859084,0.055035032,0.05664553,0.057328425,0.05457585,0.050968155,0.058093965,0.055696994,0.0589731,0.055174157,0.058419127,0.055844855,0.05329213,0.057106663,0.052114915
0.051197577,0.057836264,0.056503203,0.055711642,0.058482848,0.05728627,0.057346124,0.054486666,0.05792278,0.056397945,0.054146025,0.05659144,0.054784443,0.056575682,0.053267155,0.05429048,0.055290252,0.05188319
0.053054858,0.056552563,0.056245722,0.05580394,0.056101244,0.054993067,0.05743178,0.056779522,0.05712464,0.056471776,0.055876944,0.05758261,0.05552867,0.053756945,0.054042224,0.052523103,0.056163706,0.053966742
0.05532967,0.05651656,0.05255674,0.052427463,0.056398354,0.053480253,0.054726962,0.0567476,0.051780265,0.05744979,0.055711724,0.06088177,0.054488614,0.05795921,0.056497823,0.056393337,0.055775378,0.05487855
0.049490213,0.05645972,0.055698495,0.057836633,0.059487022,0.05772473,0.058875486,0.052805003,0.054684516,0.055875733,0.055177875,0.059009578,0.05265413,0.05363304,0.05322084,0.05613243,0.057552826,0.053681675
